🚀 Hermes Production Engine Initializing...
Analyzing Ingestion Pipeline for BTCUSDT...
Analyzing Ingestion Pipeline for ETHUSDT...
Analyzing Ingestion Pipeline for SOLUSDT...

=========================================================================================
                               HERMES LIVE EXECUTION DASHBOARD                            
=========================================================================================
SYMBOL     | REGIME (1D)  | ADX (1D)   | ACTIVE STRATEGY        | SIGNAL
-----------------------------------------------------------------------------------------
BTCUSDT    | RANGING ↔️   | 19.62      | Statistical Mean Reversion | HOLD  
   ┗━ Local Reason: Price trading safely within neutral distribution boundaries.
   🛡️ AI Gateway Status: [IDLE] (No API costs incurred while Local Signal is HOLD)

ETHUSDT    | TRENDING 📈   | 26.98      | Trend-Following Momentum | HOLD  
   ┗━ Local Reason: Trend is active but asset is in macro consolidation phase.
   🛡️ AI Gateway Status: [IDLE] (No API costs incurred while Local Signal is HOLD)

SOLUSDT    | RANGING ↔️   | 16.51      | Statistical Mean Reversion | HOLD  
   ┗━ Local Reason: Price trading safely within neutral distribution boundaries.
   🛡️ AI Gateway Status: [IDLE] (No API costs incurred while Local Signal is HOLD)

=========================================================================================
⚠️ Bybit Position query rejected or empty.
🚀 Hermes Production Engine Initializing...
Analyzing Ingestion Pipeline for BTCUSDT...
Analyzing Ingestion Pipeline for ETHUSDT...
Analyzing Ingestion Pipeline for SOLUSDT...

=========================================================================================
                               HERMES LIVE EXECUTION DASHBOARD                            
=========================================================================================
SYMBOL     | REGIME (1D)  | ADX (1D)   | ACTIVE STRATEGY        | SIGNAL
-----------------------------------------------------------------------------------------
BTCUSDT    | RANGING ↔️   | 19.62      | Statistical Mean Reversion | HOLD  
   ┗━ Local Reason: Price trading safely within neutral distribution boundaries.
   🛡️ AI Gateway Status: [IDLE] (No API costs incurred while Local Signal is HOLD)

ETHUSDT    | TRENDING 📈   | 26.98      | Trend-Following Momentum | HOLD  
   ┗━ Local Reason: Trend is active but asset is in macro consolidation phase.
   🛡️ AI Gateway Status: [IDLE] (No API costs incurred while Local Signal is HOLD)

SOLUSDT    | RANGING ↔️   | 16.51      | Statistical Mean Reversion | HOLD  
   ┗━ Local Reason: Price trading safely within neutral distribution boundaries.
   🛡️ AI Gateway Status: [IDLE] (No API costs incurred while Local Signal is HOLD)

=========================================================================================
⚠️ Bybit Position query rejected or empty.
🚀 Hermes Production Engine Initializing...
Analyzing Ingestion Pipeline for BTCUSDT...
Analyzing Ingestion Pipeline for ETHUSDT...
Analyzing Ingestion Pipeline for SOLUSDT...
Analyzing Ingestion Pipeline for BNBUSDT...
Analyzing Ingestion Pipeline for XRPUSDT...
Analyzing Ingestion Pipeline for ADAUSDT...
Analyzing Ingestion Pipeline for SUIUSDT...
⚠️ Error processing 4H data for SUIUSDT: bybit api returned error: Too many visits. Exceeded the API Rate Limit.
Analyzing Ingestion Pipeline for AVAXUSDT...
Analyzing Ingestion Pipeline for NEARUSDT...
Analyzing Ingestion Pipeline for APTUSDT...
Analyzing Ingestion Pipeline for LINKUSDT...
Analyzing Ingestion Pipeline for RENDERUSDT...
⚠️ Error processing 1D data for RENDERUSDT: bybit api returned error: Too many visits. Exceeded the API Rate Limit.
Analyzing Ingestion Pipeline for FETUSDT...
⚠️ [FETUSDT] Empty data packet received from exchange — skipping asset.

=========================================================================================
                               HERMES LIVE EXECUTION DASHBOARD                            
=========================================================================================
SYMBOL     | REGIME (1D)  | ADX (1D)   | ACTIVE STRATEGY        | SIGNAL
-----------------------------------------------------------------------------------------
BTCUSDT    | RANGING ↔️   | 19.62      | Statistical Mean Reversion | HOLD  
   ┗━ Local Reason: Price trading safely within neutral distribution boundaries.
   🛡️ AI Gateway Status: [IDLE] (No API costs incurred while Local Signal is HOLD)

ETHUSDT    | TRENDING 📈   | 26.98      | Trend-Following Momentum | HOLD  
   ┗━ Local Reason: Trend is active but asset is in macro consolidation phase.
   🛡️ AI Gateway Status: [IDLE] (No API costs incurred while Local Signal is HOLD)

SOLUSDT    | RANGING ↔️   | 16.51      | Statistical Mean Reversion | HOLD  
   ┗━ Local Reason: Price trading safely within neutral distribution boundaries.
   🛡️ AI Gateway Status: [IDLE] (No API costs incurred while Local Signal is HOLD)

=========================================================================================
⚠️ Bybit Position query rejected or empty.
🚀 Hermes Production Engine Initializing...
Analyzing Ingestion Pipeline for BTCUSDT...
Analyzing Ingestion Pipeline for ETHUSDT...
Analyzing Ingestion Pipeline for SOLUSDT...
Analyzing Ingestion Pipeline for BNBUSDT...
Analyzing Ingestion Pipeline for XRPUSDT...
⚠️ Error processing 1D data for XRPUSDT: bybit api returned error: Too many visits. Exceeded the API Rate Limit.
Analyzing Ingestion Pipeline for ADAUSDT...
Analyzing Ingestion Pipeline for SUIUSDT...
Analyzing Ingestion Pipeline for AVAXUSDT...
Analyzing Ingestion Pipeline for NEARUSDT...
Analyzing Ingestion Pipeline for APTUSDT...
Analyzing Ingestion Pipeline for LINKUSDT...
Analyzing Ingestion Pipeline for RENDERUSDT...
⚠️ Error processing 1D data for RENDERUSDT: bybit api returned error: Too many visits. Exceeded the API Rate Limit.
Analyzing Ingestion Pipeline for FETUSDT...
⚠️ [FETUSDT] Empty data packet received from exchange — skipping asset.

=========================================================================================
                               HERMES LIVE EXECUTION DASHBOARD                            
=========================================================================================
SYMBOL     | REGIME (1D)  | ADX (1D)   | ACTIVE STRATEGY        | SIGNAL
-----------------------------------------------------------------------------------------
BTCUSDT    | RANGING ↔️   | 19.62      | Statistical Mean Reversion | HOLD  
   ┗━ Local Reason: Price trading safely within neutral distribution boundaries.
   🛡️ AI Gateway Status: [IDLE] (No API costs incurred while Local Signal is HOLD)

ETHUSDT    | TRENDING 📈   | 26.98      | Trend-Following Momentum | HOLD  
   ┗━ Local Reason: Trend is active but asset is in macro consolidation phase.
   🛡️ AI Gateway Status: [IDLE] (No API costs incurred while Local Signal is HOLD)

SOLUSDT    | RANGING ↔️   | 16.51      | Statistical Mean Reversion | HOLD  
   ┗━ Local Reason: Price trading safely within neutral distribution boundaries.
   🛡️ AI Gateway Status: [IDLE] (No API costs incurred while Local Signal is HOLD)

BNBUSDT    | TRENDING 📈   | 25.75      | Trend-Following Momentum | BUY   
   ┗━ Local Reason: Price holding above 20 EMA in confirmation of macro Golden Cross with strong RSI.
   💡 Active trade setup found! Initiating OpenRouter AI Verification layer...
   🤖 AI VERDICT: [CONFIRMED] (Confidence: 0.80)
   🤖 AI Reason: The asset is in a trending regime with a trend-following momentum strategy and a healthy RSI, indicating potential for continued upward movement.
   💸 Signal authorized by AI. Passing transaction payload to Bybit...
🛡️ Order Executor initialized for BNBUSDT. Configuring isolated environment...
   ❌ Order Execution Failure: bybit Order Routing Rejected: Qty invalid (Code: 10001)

ADAUSDT    | RANGING ↔️   | 16.73      | Statistical Mean Reversion | HOLD  
   ┗━ Local Reason: Price trading safely within neutral distribution boundaries.
   🛡️ AI Gateway Status: [IDLE] (No API costs incurred while Local Signal is HOLD)

SUIUSDT    | MIXED 🔄      | 21.74      | Regime Neutral Filter  | HOLD  
   ┗━ Local Reason: ADX signals a mixed, low-conviction environment. Standing aside to protect core capital.
   🛡️ AI Gateway Status: [IDLE] (No API costs incurred while Local Signal is HOLD)

AVAXUSDT   | RANGING ↔️   | 15.19      | Statistical Mean Reversion | HOLD  
   ┗━ Local Reason: Price trading safely within neutral distribution boundaries.
   🛡️ AI Gateway Status: [IDLE] (No API costs incurred while Local Signal is HOLD)

NEARUSDT   | TRENDING 📈   | 49.14      | Trend-Following Momentum | BUY   
   ┗━ Local Reason: Price holding above 20 EMA in confirmation of macro Golden Cross with strong RSI.
   💡 Active trade setup found! Initiating OpenRouter AI Verification layer...
   🤖 AI VERDICT: [CONFIRMED] (Confidence: 0.80)
   🤖 AI Reason: The asset is trending with strong momentum, indicated by a high RSI, aligning with the trend-following strategy.
   💸 Signal authorized by AI. Passing transaction payload to Bybit...
🛡️ Order Executor initialized for NEARUSDT. Configuring isolated environment...
   ❌ Order Execution Failure: bybit Order Routing Rejected: ab not enough for new order (Code: 110007)

APTUSDT    | MIXED 🔄      | 20.36      | Regime Neutral Filter  | HOLD  
   ┗━ Local Reason: ADX signals a mixed, low-conviction environment. Standing aside to protect core capital.
   🛡️ AI Gateway Status: [IDLE] (No API costs incurred while Local Signal is HOLD)

LINKUSDT   | RANGING ↔️   | 19.49      | Statistical Mean Reversion | HOLD  
   ┗━ Local Reason: Price trading safely within neutral distribution boundaries.
   🛡️ AI Gateway Status: [IDLE] (No API costs incurred while Local Signal is HOLD)

=========================================================================================
⚠️ Bybit Position query rejected or empty.
🚀 Hermes Production Engine Initializing...
⚠️ Wallet balance fetch failed: bybit API error [10004]: Error sign, please check your signature generation algorithm: origin_string[1779700501840YsKrzGP97zkiFKt1wR5000accountType=UNIFIED&coin=USDT] — using last-known fallback of $51.73
┌─────────────────────────────────────────────────────────────────┐
│ 💰 Bybit USDT Balance: $51.73 USDT
└─────────────────────────────────────────────────────────────────┘
Analyzing Ingestion Pipeline for BTCUSDT...
Analyzing Ingestion Pipeline for ETHUSDT...
Analyzing Ingestion Pipeline for SOLUSDT...
Analyzing Ingestion Pipeline for BNBUSDT...
Analyzing Ingestion Pipeline for XRPUSDT...
Analyzing Ingestion Pipeline for ADAUSDT...
Analyzing Ingestion Pipeline for SUIUSDT...
Analyzing Ingestion Pipeline for AVAXUSDT...
Analyzing Ingestion Pipeline for NEARUSDT...
Analyzing Ingestion Pipeline for APTUSDT...
Analyzing Ingestion Pipeline for LINKUSDT...
⚠️ Error processing 1D data for LINKUSDT: bybit api returned error: Too many visits. Exceeded the API Rate Limit.
Analyzing Ingestion Pipeline for RENDERUSDT...
Analyzing Ingestion Pipeline for FETUSDT...
⚠️ [FETUSDT] Empty data packet received from exchange — skipping asset.

=========================================================================================
                          HERMES LIVE EXECUTION DASHBOARD                            
=========================================================================================
💰 Live Bybit Balance: $51.73 USDT
=========================================================================================
SYMBOL     | REGIME (1D)  | ADX (1D)   | ACTIVE STRATEGY        | SIGNAL
-----------------------------------------------------------------------------------------
BTCUSDT    | RANGING ↔️   | 19.62      | Statistical Mean Reversion | HOLD  
   ┗━ Local Reason: Price trading safely within neutral distribution boundaries.
   🛡️ AI Gateway Status: [IDLE] (No API costs incurred while Local Signal is HOLD)

ETHUSDT    | TRENDING 📈   | 26.98      | Trend-Following Momentum | HOLD  
   ┗━ Local Reason: Trend is active but asset is in macro consolidation phase.
   🛡️ AI Gateway Status: [IDLE] (No API costs incurred while Local Signal is HOLD)

SOLUSDT    | RANGING ↔️   | 16.51      | Statistical Mean Reversion | HOLD  
   ┗━ Local Reason: Price trading safely within neutral distribution boundaries.
   🛡️ AI Gateway Status: [IDLE] (No API costs incurred while Local Signal is HOLD)

BNBUSDT    | TRENDING 📈   | 25.75      | Trend-Following Momentum | BUY   
   ┗━ Local Reason: Price holding above 20 EMA in confirmation of macro Golden Cross with strong RSI.
   💡 Active trade setup found! Initiating OpenRouter AI Verification layer...
   🤖 AI VERDICT: [CONFIRMED] (Confidence: 0.80)
   🤖 AI Reason: RSI is in a strong bullish zone, indicating good momentum for a buy action.
   💸 Signal authorized by AI. Passing transaction payload to Bybit...
🛡️ Order Executor initialized for BNBUSDT. Configuring isolated environment...
   ❌ Order Execution Failure: bybit Order Routing Rejected: Qty invalid (Code: 10001)

XRPUSDT    | RANGING ↔️   | 14.64      | Statistical Mean Reversion | HOLD  
   ┗━ Local Reason: Price trading safely within neutral distribution boundaries.
   🛡️ AI Gateway Status: [IDLE] (No API costs incurred while Local Signal is HOLD)

ADAUSDT    | RANGING ↔️   | 16.73      | Statistical Mean Reversion | HOLD  
   ┗━ Local Reason: Price trading safely within neutral distribution boundaries.
   🛡️ AI Gateway Status: [IDLE] (No API costs incurred while Local Signal is HOLD)

SUIUSDT    | MIXED 🔄      | 21.74      | Regime Neutral Filter  | HOLD  
   ┗━ Local Reason: ADX signals a mixed, low-conviction environment. Standing aside to protect core capital.
   🛡️ AI Gateway Status: [IDLE] (No API costs incurred while Local Signal is HOLD)

AVAXUSDT   | RANGING ↔️   | 15.19      | Statistical Mean Reversion | HOLD  
   ┗━ Local Reason: Price trading safely within neutral distribution boundaries.
   🛡️ AI Gateway Status: [IDLE] (No API costs incurred while Local Signal is HOLD)

NEARUSDT   | TRENDING 📈   | 49.14      | Trend-Following Momentum | BUY   
   ┗━ Local Reason: Price holding above 20 EMA in confirmation of macro Golden Cross with strong RSI.
   💡 Active trade setup found! Initiating OpenRouter AI Verification layer...
   🤖 AI VERDICT: [CONFIRMED] (Confidence: 0.80)
   🤖 AI Reason: The asset is trending with strong momentum (RSI 66.7) and a buy signal, aligning with the Trend-Following Momentum strategy.
   💸 Signal authorized by AI. Passing transaction payload to Bybit...
🛡️ Order Executor initialized for NEARUSDT. Configuring isolated environment...
🔥 TRANSACTION SUCCESS: Position opened on NEARUSDT via Isolated Perpetual Futures. Order parameters synchronized with bracket targets.
APTUSDT    | MIXED 🔄      | 20.36      | Regime Neutral Filter  | HOLD  
   ┗━ Local Reason: ADX signals a mixed, low-conviction environment. Standing aside to protect core capital.
   🛡️ AI Gateway Status: [IDLE] (No API costs incurred while Local Signal is HOLD)

RENDERUSDT | RANGING ↔️   | 19.26      | Statistical Mean Reversion | HOLD  
   ┗━ Local Reason: Price trading safely within neutral distribution boundaries.
   🛡️ AI Gateway Status: [IDLE] (No API costs incurred while Local Signal is HOLD)

=========================================================================================
⚠️ Bybit Position query rejected or empty.
🚀 Hermes Production Engine Initializing...
┌─────────────────────────────────────────────────────────────────┐
│ 💰 Bybit USDT Balance: $22.14 USDT
└─────────────────────────────────────────────────────────────────┘
Analyzing Ingestion Pipeline for BTCUSDT...
Analyzing Ingestion Pipeline for ETHUSDT...
Analyzing Ingestion Pipeline for SOLUSDT...
Analyzing Ingestion Pipeline for BNBUSDT...
Analyzing Ingestion Pipeline for XRPUSDT...
Analyzing Ingestion Pipeline for ADAUSDT...
Analyzing Ingestion Pipeline for SUIUSDT...
Analyzing Ingestion Pipeline for AVAXUSDT...
Analyzing Ingestion Pipeline for NEARUSDT...
Analyzing Ingestion Pipeline for APTUSDT...
Analyzing Ingestion Pipeline for LINKUSDT...
Analyzing Ingestion Pipeline for RENDERUSDT...
Analyzing Ingestion Pipeline for FETUSDT...
⚠️ [FETUSDT] Empty data packet received from exchange — skipping asset.

=========================================================================================
                          HERMES LIVE EXECUTION DASHBOARD                            
=========================================================================================
💰 Live Bybit Balance: $22.14 USDT
=========================================================================================
SYMBOL     | REGIME (1D)  | ADX (1D)   | ACTIVE STRATEGY        | SIGNAL
-----------------------------------------------------------------------------------------
BTCUSDT    | RANGING ↔️   | 19.62      | Statistical Mean Reversion | HOLD  
   ┗━ Local Reason: Price trading safely within neutral distribution boundaries.
   🛡️ AI Gateway Status: [IDLE] (No API costs incurred while Local Signal is HOLD)

ETHUSDT    | TRENDING 📈   | 26.98      | Trend-Following Momentum | HOLD  
   ┗━ Local Reason: Trend is active but asset is in macro consolidation phase.
   🛡️ AI Gateway Status: [IDLE] (No API costs incurred while Local Signal is HOLD)

SOLUSDT    | RANGING ↔️   | 16.51      | Statistical Mean Reversion | HOLD  
   ┗━ Local Reason: Price trading safely within neutral distribution boundaries.
   🛡️ AI Gateway Status: [IDLE] (No API costs incurred while Local Signal is HOLD)

BNBUSDT    | TRENDING 📈   | 25.75      | Trend-Following Momentum | BUY   
   ┗━ Local Reason: Price holding above 20 EMA in confirmation of macro Golden Cross with strong RSI.
   💡 Active trade setup found! Initiating OpenRouter AI Verification layer...
   🤖 AI VERDICT: [CONFIRMED] (Confidence: 0.80)
   🤖 AI Reason: The asset is trending with momentum, and the RSI is in a healthy range for a buy signal.
   💸 Signal authorized by AI. Passing transaction payload to Bybit...
🛡️ Order Executor initialized for BNBUSDT. Configuring isolated environment...
🔥 TRANSACTION SUCCESS: Position opened on BNBUSDT via Isolated Perpetual Futures. Order parameters synchronized with bracket targets.
XRPUSDT    | RANGING ↔️   | 14.64      | Statistical Mean Reversion | HOLD  
   ┗━ Local Reason: Price trading safely within neutral distribution boundaries.
   🛡️ AI Gateway Status: [IDLE] (No API costs incurred while Local Signal is HOLD)

ADAUSDT    | RANGING ↔️   | 16.73      | Statistical Mean Reversion | HOLD  
   ┗━ Local Reason: Price trading safely within neutral distribution boundaries.
   🛡️ AI Gateway Status: [IDLE] (No API costs incurred while Local Signal is HOLD)

SUIUSDT    | MIXED 🔄      | 21.74      | Regime Neutral Filter  | HOLD  
   ┗━ Local Reason: ADX signals a mixed, low-conviction environment. Standing aside to protect core capital.
   🛡️ AI Gateway Status: [IDLE] (No API costs incurred while Local Signal is HOLD)

AVAXUSDT   | RANGING ↔️   | 15.19      | Statistical Mean Reversion | HOLD  
   ┗━ Local Reason: Price trading safely within neutral distribution boundaries.
   🛡️ AI Gateway Status: [IDLE] (No API costs incurred while Local Signal is HOLD)

NEARUSDT   | TRENDING 📈   | 49.14      | Trend-Following Momentum | BUY   
   ┗━ Local Reason: Price holding above 20 EMA in confirmation of macro Golden Cross with strong RSI.
   💡 Active trade setup found! Initiating OpenRouter AI Verification layer...
   🤖 AI VERDICT: [CONFIRMED] (Confidence: 0.80)
   🤖 AI Reason: The asset is trending with strong momentum, indicated by a high RSI and a trend-following strategy recommending a BUY action.
   💸 Signal authorized by AI. Passing transaction payload to Bybit...
🛡️ Order Executor initialized for NEARUSDT. Configuring isolated environment...
   ❌ Order Execution Failure: bybit Order Routing Rejected: Order does not meet minimum order value 5USDT (Code: 110094)

APTUSDT    | MIXED 🔄      | 20.36      | Regime Neutral Filter  | HOLD  
   ┗━ Local Reason: ADX signals a mixed, low-conviction environment. Standing aside to protect core capital.
   🛡️ AI Gateway Status: [IDLE] (No API costs incurred while Local Signal is HOLD)

LINKUSDT   | RANGING ↔️   | 19.49      | Statistical Mean Reversion | HOLD  
   ┗━ Local Reason: Price trading safely within neutral distribution boundaries.
   🛡️ AI Gateway Status: [IDLE] (No API costs incurred while Local Signal is HOLD)

RENDERUSDT | RANGING ↔️   | 19.26      | Statistical Mean Reversion | HOLD  
   ┗━ Local Reason: Price trading safely within neutral distribution boundaries.
   🛡️ AI Gateway Status: [IDLE] (No API costs incurred while Local Signal is HOLD)

=========================================================================================
⚠️ Bybit Position query rejected or empty.
🚀 Hermes Production Engine Initializing...
┌─────────────────────────────────────────────────────────────────┐
│ 💰 Bybit USDT Balance: $0.19 USDT
└─────────────────────────────────────────────────────────────────┘
🚨 [EMERGENCY HALT] Available account capital is dangerously low ($0.19 USDT). Halting all strategy calculations and freezing order routing!
🚀 Hermes Production Engine Initializing...
┌─────────────────────────────────────────────────────────────────┐
│ 💰 Bybit USDT Balance: $0.16 USDT
└─────────────────────────────────────────────────────────────────┘
🚨 [EMERGENCY HALT] Available account capital is dangerously low ($0.16 USDT). Halting all strategy calculations and freezing order routing!
🚀 Hermes Production Engine Initializing...
┌─────────────────────────────────────────────────────────────────┐
│ 💰 Bybit USDT Balance: $0.25 USDT
└─────────────────────────────────────────────────────────────────┘
🚨 [EMERGENCY HALT] Available account capital is dangerously low ($0.25 USDT). Halting all strategy calculations and freezing order routing!
🚀 Hermes Production Engine Initializing...
┌─────────────────────────────────────────────────────────────────┐
│ 💰 Bybit USDT Balance: $0.27 USDT
└─────────────────────────────────────────────────────────────────┘
🚨 [EMERGENCY HALT] Available account capital is dangerously low ($0.27 USDT). Halting all strategy calculations and freezing order routing!
🚀 Hermes Production Engine Initializing...
┌─────────────────────────────────────────────────────────────────┐
│ 💰 Bybit USDT Balance: $0.36 USDT
└─────────────────────────────────────────────────────────────────┘
🚨 [EMERGENCY HALT] Available account capital is dangerously low ($0.36 USDT). Halting all strategy calculations and freezing order routing!
🚀 Hermes Production Engine Initializing...
┌─────────────────────────────────────────────────────────────────┐
│ 💰 Bybit USDT Balance: $0.42 USDT
└─────────────────────────────────────────────────────────────────┘
🚨 [EMERGENCY HALT] Available account capital is dangerously low ($0.42 USDT). Halting all strategy calculations and freezing order routing!
🚀 Hermes Production Engine Initializing...
┌─────────────────────────────────────────────────────────────────┐
│ 💰 Bybit USDT Balance: $0.45 USDT
└─────────────────────────────────────────────────────────────────┘
🚨 [EMERGENCY HALT] Available account capital is dangerously low ($0.45 USDT). Halting all strategy calculations and freezing order routing!
🚀 Hermes Production Engine Initializing...
┌─────────────────────────────────────────────────────────────────┐
│ 💰 Bybit USDT Balance: $0.49 USDT
└─────────────────────────────────────────────────────────────────┘
🚨 [EMERGENCY HALT] Available account capital is dangerously low ($0.49 USDT). Halting all strategy calculations and freezing order routing!
🚀 Hermes Production Engine Initializing...
┌─────────────────────────────────────────────────────────────────┐
│ 💰 Bybit USDT Balance: $0.30 USDT
└─────────────────────────────────────────────────────────────────┘
🚨 [EMERGENCY HALT] Available account capital is dangerously low ($0.30 USDT). Halting all strategy calculations and freezing order routing!
🚀 Hermes Production Engine Initializing...
┌─────────────────────────────────────────────────────────────────┐
│ 💰 Bybit USDT Balance: $0.41 USDT
└─────────────────────────────────────────────────────────────────┘
🚨 [EMERGENCY HALT] Available account capital is dangerously low ($0.41 USDT). Halting all strategy calculations and freezing order routing!
🚀 Hermes Production Engine Initializing...
┌─────────────────────────────────────────────────────────────────┐
│ 💰 Bybit USDT Balance: $1.28 USDT
└─────────────────────────────────────────────────────────────────┘
🚨 [EMERGENCY HALT] Available account capital is dangerously low ($1.28 USDT). Halting all strategy calculations and freezing order routing!
🚀 Hermes Production Engine Initializing...
┌─────────────────────────────────────────────────────────────────┐
│ 💰 Bybit USDT Balance: $1.83 USDT
└─────────────────────────────────────────────────────────────────┘
🚨 [EMERGENCY HALT] Available account capital is dangerously low ($1.83 USDT). Halting all strategy calculations and freezing order routing!
🚀 Hermes Production Engine Initializing...
┌─────────────────────────────────────────────────────────────────┐
│ 💰 Bybit USDT Balance: $2.07 USDT
└─────────────────────────────────────────────────────────────────┘
🚨 [EMERGENCY HALT] Available account capital is dangerously low ($2.07 USDT). Halting all strategy calculations and freezing order routing!
🚀 Hermes Production Engine Initializing...
┌─────────────────────────────────────────────────────────────────┐
│ 💰 Bybit USDT Balance: $1.65 USDT
└─────────────────────────────────────────────────────────────────┘
🚨 [EMERGENCY HALT] Available account capital is dangerously low ($1.65 USDT). Halting all strategy calculations and freezing order routing!
🚀 Hermes Production Engine Initializing...
┌─────────────────────────────────────────────────────────────────┐
│ 💰 Bybit USDT Balance: $2.01 USDT
└─────────────────────────────────────────────────────────────────┘
🚨 [EMERGENCY HALT] Available account capital is dangerously low ($2.01 USDT). Halting all strategy calculations and freezing order routing!
🚀 Hermes Production Engine Initializing...
┌─────────────────────────────────────────────────────────────────┐
│ 💰 Bybit USDT Balance: $1.95 USDT
└─────────────────────────────────────────────────────────────────┘
🚨 [EMERGENCY HALT] Available account capital is dangerously low ($1.95 USDT). Halting all strategy calculations and freezing order routing!
🚀 Hermes Production Engine Initializing...
┌─────────────────────────────────────────────────────────────────┐
│ 💰 Bybit USDT Balance: $2.52 USDT
└─────────────────────────────────────────────────────────────────┘
🚨 [EMERGENCY HALT] Available account capital is dangerously low ($2.52 USDT). Halting all strategy calculations and freezing order routing!
🚀 Hermes Production Engine Initializing...
┌─────────────────────────────────────────────────────────────────┐
│ 💰 Bybit USDT Balance: $2.81 USDT
└─────────────────────────────────────────────────────────────────┘
🚨 [EMERGENCY HALT] Available account capital is dangerously low ($2.81 USDT). Halting all strategy calculations and freezing order routing!
🚀 Hermes Production Engine Initializing...
┌─────────────────────────────────────────────────────────────────┐
│ 💰 Bybit USDT Balance: $2.90 USDT
└─────────────────────────────────────────────────────────────────┘
🚨 [EMERGENCY HALT] Available account capital is dangerously low ($2.90 USDT). Halting all strategy calculations and freezing order routing!
🚀 Hermes Production Engine Initializing...
┌─────────────────────────────────────────────────────────────────┐
│ 💰 Bybit USDT Balance: $3.21 USDT
└─────────────────────────────────────────────────────────────────┘
🚨 [EMERGENCY HALT] Available account capital is dangerously low ($3.21 USDT). Halting all strategy calculations and freezing order routing!
🚀 Hermes Production Engine Initializing...
┌─────────────────────────────────────────────────────────────────┐
│ 💰 Bybit USDT Balance: $2.90 USDT
└─────────────────────────────────────────────────────────────────┘
🚨 [EMERGENCY HALT] Available account capital is dangerously low ($2.90 USDT). Halting all strategy calculations and freezing order routing!
🚀 Hermes Production Engine Initializing...
┌─────────────────────────────────────────────────────────────────┐
│ 💰 Bybit USDT Balance: $3.08 USDT
└─────────────────────────────────────────────────────────────────┘
🚨 [EMERGENCY HALT] Available account capital is dangerously low ($3.08 USDT). Halting all strategy calculations and freezing order routing!
🚀 Hermes Production Engine Initializing...
┌─────────────────────────────────────────────────────────────────┐
│ 💰 Bybit USDT Balance: $2.85 USDT
└─────────────────────────────────────────────────────────────────┘
🚨 [EMERGENCY HALT] Available account capital is dangerously low ($2.85 USDT). Halting all strategy calculations and freezing order routing!
🚀 Hermes Production Engine Initializing...
┌─────────────────────────────────────────────────────────────────┐
│ 💰 Bybit USDT Balance: $2.64 USDT
└─────────────────────────────────────────────────────────────────┘
🚨 [EMERGENCY HALT] Available account capital is dangerously low ($2.64 USDT). Halting all strategy calculations and freezing order routing!
🚀 Hermes Production Engine Initializing...
┌─────────────────────────────────────────────────────────────────┐
│ 💰 Bybit USDT Balance: $2.55 USDT
└─────────────────────────────────────────────────────────────────┘
🚨 [EMERGENCY HALT] Available account capital is dangerously low ($2.55 USDT). Halting all strategy calculations and freezing order routing!
🚀 Hermes Production Engine Initializing...
┌─────────────────────────────────────────────────────────────────┐
│ 💰 Bybit USDT Balance: $2.81 USDT
└─────────────────────────────────────────────────────────────────┘
🚨 [EMERGENCY HALT] Available account capital is dangerously low ($2.81 USDT). Halting all strategy calculations and freezing order routing!
🚀 Hermes Production Engine Initializing...
┌─────────────────────────────────────────────────────────────────┐
│ 💰 Bybit USDT Balance: $2.58 USDT
└─────────────────────────────────────────────────────────────────┘
🚨 [EMERGENCY HALT] Available account capital is dangerously low ($2.58 USDT). Halting all strategy calculations and freezing order routing!
🚀 Hermes Production Engine Initializing...
┌─────────────────────────────────────────────────────────────────┐
│ 💰 Bybit USDT Balance: $2.58 USDT
└─────────────────────────────────────────────────────────────────┘
🚨 [EMERGENCY HALT] Available account capital is dangerously low ($2.58 USDT). Halting all strategy calculations and freezing order routing!
🚀 Hermes Production Engine Initializing...
┌─────────────────────────────────────────────────────────────────┐
│ 💰 Bybit USDT Balance: $2.87 USDT
└─────────────────────────────────────────────────────────────────┘
🚨 [EMERGENCY HALT] Available account capital is dangerously low ($2.87 USDT). Halting all strategy calculations and freezing order routing!
🚀 Hermes Production Engine Initializing...
┌─────────────────────────────────────────────────────────────────┐
│ 💰 Bybit USDT Balance: $3.13 USDT
└─────────────────────────────────────────────────────────────────┘
🚨 [EMERGENCY HALT] Available account capital is dangerously low ($3.13 USDT). Halting all strategy calculations and freezing order routing!
🚀 Hermes Production Engine Initializing...
┌─────────────────────────────────────────────────────────────────┐
│ 💰 Bybit USDT Balance: $3.00 USDT
└─────────────────────────────────────────────────────────────────┘
🚨 [EMERGENCY HALT] Available account capital is dangerously low ($3.00 USDT). Halting all strategy calculations and freezing order routing!
🚀 Hermes Production Engine Initializing...
┌─────────────────────────────────────────────────────────────────┐
│ 💰 Bybit USDT Balance: $2.51 USDT
└─────────────────────────────────────────────────────────────────┘
🚨 [EMERGENCY HALT] Available account capital is dangerously low ($2.51 USDT). Halting all strategy calculations and freezing order routing!
🚀 Hermes Production Engine Initializing...
┌─────────────────────────────────────────────────────────────────┐
│ 💰 Bybit USDT Balance: $2.24 USDT
└─────────────────────────────────────────────────────────────────┘
🚨 [EMERGENCY HALT] Available account capital is dangerously low ($2.24 USDT). Halting all strategy calculations and freezing order routing!
🚀 Hermes Production Engine Initializing...
┌─────────────────────────────────────────────────────────────────┐
│ 💰 Bybit USDT Balance: $2.06 USDT
└─────────────────────────────────────────────────────────────────┘
🚨 [EMERGENCY HALT] Available account capital is dangerously low ($2.06 USDT). Halting all strategy calculations and freezing order routing!
🚀 Hermes Production Engine Initializing...
┌─────────────────────────────────────────────────────────────────┐
│ 💰 Bybit USDT Balance: $2.25 USDT
└─────────────────────────────────────────────────────────────────┘
🚨 [EMERGENCY HALT] Available account capital is dangerously low ($2.25 USDT). Halting all strategy calculations and freezing order routing!
🚀 Hermes Production Engine Initializing...
┌─────────────────────────────────────────────────────────────────┐
│ 💰 Bybit USDT Balance: $2.19 USDT
└─────────────────────────────────────────────────────────────────┘
🚨 [EMERGENCY HALT] Available account capital is dangerously low ($2.19 USDT). Halting all strategy calculations and freezing order routing!
🚀 Hermes Production Engine Initializing...
┌─────────────────────────────────────────────────────────────────┐
│ 💰 Bybit USDT Balance: $2.24 USDT
└─────────────────────────────────────────────────────────────────┘
🚨 [EMERGENCY HALT] Available account capital is dangerously low ($2.24 USDT). Halting all strategy calculations and freezing order routing!
🚀 Hermes Production Engine Initializing...
┌─────────────────────────────────────────────────────────────────┐
│ 💰 Bybit USDT Balance: $2.23 USDT
└─────────────────────────────────────────────────────────────────┘
🚨 [EMERGENCY HALT] Available account capital is dangerously low ($2.23 USDT). Halting all strategy calculations and freezing order routing!
🚀 Hermes Production Engine Initializing...
┌─────────────────────────────────────────────────────────────────┐
│ 💰 Bybit USDT Balance: $2.27 USDT
└─────────────────────────────────────────────────────────────────┘
🚨 [EMERGENCY HALT] Available account capital is dangerously low ($2.27 USDT). Halting all strategy calculations and freezing order routing!
🚀 Hermes Production Engine Initializing...
┌─────────────────────────────────────────────────────────────────┐
│ 💰 Bybit USDT Balance: $2.47 USDT
└─────────────────────────────────────────────────────────────────┘
🚨 [EMERGENCY HALT] Available account capital is dangerously low ($2.47 USDT). Halting all strategy calculations and freezing order routing!
🚀 Hermes Production Engine Initializing...
┌─────────────────────────────────────────────────────────────────┐
│ 💰 Bybit USDT Balance: $2.16 USDT
└─────────────────────────────────────────────────────────────────┘
🚨 [EMERGENCY HALT] Available account capital is dangerously low ($2.16 USDT). Halting all strategy calculations and freezing order routing!
🚀 Hermes Production Engine Initializing...
┌─────────────────────────────────────────────────────────────────┐
│ 💰 Bybit USDT Balance: $2.37 USDT
└─────────────────────────────────────────────────────────────────┘
🚨 [EMERGENCY HALT] Available account capital is dangerously low ($2.37 USDT). Halting all strategy calculations and freezing order routing!
🚀 Hermes Production Engine Initializing...
┌─────────────────────────────────────────────────────────────────┐
│ 💰 Bybit USDT Balance: $2.46 USDT
└─────────────────────────────────────────────────────────────────┘
🚨 [EMERGENCY HALT] Available account capital is dangerously low ($2.46 USDT). Halting all strategy calculations and freezing order routing!
🚀 Hermes Production Engine Initializing...
┌─────────────────────────────────────────────────────────────────┐
│ 💰 Bybit USDT Balance: $2.28 USDT
└─────────────────────────────────────────────────────────────────┘
🚨 [EMERGENCY HALT] Available account capital is dangerously low ($2.28 USDT). Halting all strategy calculations and freezing order routing!
🚀 Hermes Production Engine Initializing...
┌─────────────────────────────────────────────────────────────────┐
│ 💰 Bybit USDT Balance: $2.01 USDT
└─────────────────────────────────────────────────────────────────┘
🚨 [EMERGENCY HALT] Available account capital is dangerously low ($2.01 USDT). Halting all strategy calculations and freezing order routing!
🚀 Hermes Production Engine Initializing...
┌─────────────────────────────────────────────────────────────────┐
│ 💰 Bybit USDT Balance: $2.19 USDT
└─────────────────────────────────────────────────────────────────┘
🚨 [EMERGENCY HALT] Available account capital is dangerously low ($2.19 USDT). Halting all strategy calculations and freezing order routing!
🚀 Hermes Production Engine Initializing...
┌─────────────────────────────────────────────────────────────────┐
│ 💰 Bybit USDT Balance: $2.41 USDT
└─────────────────────────────────────────────────────────────────┘
🚨 [EMERGENCY HALT] Available account capital is dangerously low ($2.41 USDT). Halting all strategy calculations and freezing order routing!
🚀 Hermes Production Engine Initializing...
┌─────────────────────────────────────────────────────────────────┐
│ 💰 Bybit USDT Balance: $2.42 USDT
└─────────────────────────────────────────────────────────────────┘
🚨 [EMERGENCY HALT] Available account capital is dangerously low ($2.42 USDT). Halting all strategy calculations and freezing order routing!
🚀 Hermes Production Engine Initializing...
┌─────────────────────────────────────────────────────────────────┐
│ 💰 Bybit USDT Balance: $2.21 USDT
└─────────────────────────────────────────────────────────────────┘
🚨 [EMERGENCY HALT] Available account capital is dangerously low ($2.21 USDT). Halting all strategy calculations and freezing order routing!
🚀 Hermes Production Engine Initializing...
┌─────────────────────────────────────────────────────────────────┐
│ 💰 Bybit USDT Balance: $2.49 USDT
└─────────────────────────────────────────────────────────────────┘
🚨 [EMERGENCY HALT] Available account capital is dangerously low ($2.49 USDT). Halting all strategy calculations and freezing order routing!
🚀 Hermes Production Engine Initializing...
┌─────────────────────────────────────────────────────────────────┐
│ 💰 Bybit USDT Balance: $2.47 USDT
└─────────────────────────────────────────────────────────────────┘
🚨 [EMERGENCY HALT] Available account capital is dangerously low ($2.47 USDT). Halting all strategy calculations and freezing order routing!
🚀 Hermes Production Engine Initializing...
┌─────────────────────────────────────────────────────────────────┐
│ 💰 Bybit USDT Balance: $2.30 USDT
└─────────────────────────────────────────────────────────────────┘
🚨 [EMERGENCY HALT] Available account capital is dangerously low ($2.30 USDT). Halting all strategy calculations and freezing order routing!
🚀 Hermes Production Engine Initializing...
┌─────────────────────────────────────────────────────────────────┐
│ 💰 Bybit USDT Balance: $2.07 USDT
└─────────────────────────────────────────────────────────────────┘
🚨 [EMERGENCY HALT] Available account capital is dangerously low ($2.07 USDT). Halting all strategy calculations and freezing order routing!
🚀 Hermes Production Engine Initializing...
┌─────────────────────────────────────────────────────────────────┐
│ 💰 Bybit USDT Balance: $2.18 USDT
└─────────────────────────────────────────────────────────────────┘
🚨 [EMERGENCY HALT] Available account capital is dangerously low ($2.18 USDT). Halting all strategy calculations and freezing order routing!
🚀 Hermes Production Engine Initializing...
┌─────────────────────────────────────────────────────────────────┐
│ 💰 Bybit USDT Balance: $2.50 USDT
└─────────────────────────────────────────────────────────────────┘
🚨 [EMERGENCY HALT] Available account capital is dangerously low ($2.50 USDT). Halting all strategy calculations and freezing order routing!
🚀 Hermes Production Engine Initializing...
┌─────────────────────────────────────────────────────────────────┐
│ 💰 Bybit USDT Balance: $2.56 USDT
└─────────────────────────────────────────────────────────────────┘
🚨 [EMERGENCY HALT] Available account capital is dangerously low ($2.56 USDT). Halting all strategy calculations and freezing order routing!
🚀 Hermes Production Engine Initializing...
┌─────────────────────────────────────────────────────────────────┐
│ 💰 Bybit USDT Balance: $2.34 USDT
└─────────────────────────────────────────────────────────────────┘
🚨 [EMERGENCY HALT] Available account capital is dangerously low ($2.34 USDT). Halting all strategy calculations and freezing order routing!
🚀 Hermes Production Engine Initializing...
┌─────────────────────────────────────────────────────────────────┐
│ 💰 Bybit USDT Balance: $2.53 USDT
└─────────────────────────────────────────────────────────────────┘
🚨 [EMERGENCY HALT] Available account capital is dangerously low ($2.53 USDT). Halting all strategy calculations and freezing order routing!
🚀 Hermes Production Engine Initializing...
┌─────────────────────────────────────────────────────────────────┐
│ 💰 Bybit USDT Balance: $2.42 USDT
└─────────────────────────────────────────────────────────────────┘
🚨 [EMERGENCY HALT] Available account capital is dangerously low ($2.42 USDT). Halting all strategy calculations and freezing order routing!
🚀 Hermes Production Engine Initializing...
┌─────────────────────────────────────────────────────────────────┐
│ 💰 Bybit USDT Balance: $2.18 USDT
└─────────────────────────────────────────────────────────────────┘
🚨 [EMERGENCY HALT] Available account capital is dangerously low ($2.18 USDT). Halting all strategy calculations and freezing order routing!
🚀 Hermes Production Engine Initializing...
┌─────────────────────────────────────────────────────────────────┐
│ 💰 Bybit USDT Balance: $1.93 USDT
└─────────────────────────────────────────────────────────────────┘
🚨 [EMERGENCY HALT] Available account capital is dangerously low ($1.93 USDT). Halting all strategy calculations and freezing order routing!
🚀 Hermes Production Engine Initializing...
┌─────────────────────────────────────────────────────────────────┐
│ 💰 Bybit USDT Balance: $1.70 USDT
└─────────────────────────────────────────────────────────────────┘
🚨 [EMERGENCY HALT] Available account capital is dangerously low ($1.70 USDT). Halting all strategy calculations and freezing order routing!
🚀 Hermes Production Engine Initializing...
┌─────────────────────────────────────────────────────────────────┐
│ 💰 Bybit USDT Balance: $1.68 USDT
└─────────────────────────────────────────────────────────────────┘
🚨 [EMERGENCY HALT] Available account capital is dangerously low ($1.68 USDT). Halting all strategy calculations and freezing order routing!
🚀 Hermes Production Engine Initializing...
┌─────────────────────────────────────────────────────────────────┐
│ 💰 Bybit USDT Balance: $1.47 USDT
└─────────────────────────────────────────────────────────────────┘
🚨 [EMERGENCY HALT] Available account capital is dangerously low ($1.47 USDT). Halting all strategy calculations and freezing order routing!
🚀 Hermes Production Engine Initializing...
┌─────────────────────────────────────────────────────────────────┐
│ 💰 Bybit USDT Balance: $1.04 USDT
└─────────────────────────────────────────────────────────────────┘
🚨 [EMERGENCY HALT] Available account capital is dangerously low ($1.04 USDT). Halting all strategy calculations and freezing order routing!
🚀 Hermes Production Engine Initializing...
┌─────────────────────────────────────────────────────────────────┐
│ 💰 Bybit USDT Balance: $1.27 USDT
└─────────────────────────────────────────────────────────────────┘
🚨 [EMERGENCY HALT] Available account capital is dangerously low ($1.27 USDT). Halting all strategy calculations and freezing order routing!
🚀 Hermes Production Engine Initializing...
┌─────────────────────────────────────────────────────────────────┐
│ 💰 Bybit USDT Balance: $1.47 USDT
└─────────────────────────────────────────────────────────────────┘
🚨 [EMERGENCY HALT] Available account capital is dangerously low ($1.47 USDT). Halting all strategy calculations and freezing order routing!
🚀 Hermes Production Engine Initializing...
┌─────────────────────────────────────────────────────────────────┐
│ 💰 Bybit USDT Balance: $1.51 USDT
└─────────────────────────────────────────────────────────────────┘
🚨 [EMERGENCY HALT] Available account capital is dangerously low ($1.51 USDT). Halting all strategy calculations and freezing order routing!
🚀 Hermes Production Engine Initializing...
┌─────────────────────────────────────────────────────────────────┐
│ 💰 Bybit USDT Balance: $1.63 USDT
└─────────────────────────────────────────────────────────────────┘
🚨 [EMERGENCY HALT] Available account capital is dangerously low ($1.63 USDT). Halting all strategy calculations and freezing order routing!
🚀 Hermes Production Engine Initializing...
┌─────────────────────────────────────────────────────────────────┐
│ 💰 Bybit USDT Balance: $1.74 USDT
└─────────────────────────────────────────────────────────────────┘
🚨 [EMERGENCY HALT] Available account capital is dangerously low ($1.74 USDT). Halting all strategy calculations and freezing order routing!
🚀 Hermes Production Engine Initializing...
┌─────────────────────────────────────────────────────────────────┐
│ 💰 Bybit USDT Balance: $1.43 USDT
└─────────────────────────────────────────────────────────────────┘
🚨 [EMERGENCY HALT] Available account capital is dangerously low ($1.43 USDT). Halting all strategy calculations and freezing order routing!
🚀 Hermes Production Engine Initializing...
┌─────────────────────────────────────────────────────────────────┐
│ 💰 Bybit USDT Balance: $1.68 USDT
└─────────────────────────────────────────────────────────────────┘
🚨 [EMERGENCY HALT] Available account capital is dangerously low ($1.68 USDT). Halting all strategy calculations and freezing order routing!
🚀 Hermes Production Engine Initializing...
┌─────────────────────────────────────────────────────────────────┐
│ 💰 Bybit USDT Balance: $1.65 USDT
└─────────────────────────────────────────────────────────────────┘
🚨 [EMERGENCY HALT] Available account capital is dangerously low ($1.65 USDT). Halting all strategy calculations and freezing order routing!
🚀 Hermes Production Engine Initializing...
┌─────────────────────────────────────────────────────────────────┐
│ 💰 Bybit USDT Balance: $1.55 USDT
└─────────────────────────────────────────────────────────────────┘
🚨 [EMERGENCY HALT] Available account capital is dangerously low ($1.55 USDT). Halting all strategy calculations and freezing order routing!
🚀 Hermes Production Engine Initializing...
┌─────────────────────────────────────────────────────────────────┐
│ 💰 Bybit USDT Balance: $1.55 USDT
└─────────────────────────────────────────────────────────────────┘
🚨 [EMERGENCY HALT] Available account capital is dangerously low ($1.55 USDT). Halting all strategy calculations and freezing order routing!
🚀 Hermes Production Engine Initializing...
┌─────────────────────────────────────────────────────────────────┐
│ 💰 Bybit USDT Balance: $2.04 USDT
└─────────────────────────────────────────────────────────────────┘
🚨 [EMERGENCY HALT] Available account capital is dangerously low ($2.04 USDT). Halting all strategy calculations and freezing order routing!
🚀 Hermes Production Engine Initializing...
┌─────────────────────────────────────────────────────────────────┐
│ 💰 Bybit USDT Balance: $1.89 USDT
└─────────────────────────────────────────────────────────────────┘
🚨 [EMERGENCY HALT] Available account capital is dangerously low ($1.89 USDT). Halting all strategy calculations and freezing order routing!
🚀 Hermes Production Engine Initializing...
┌─────────────────────────────────────────────────────────────────┐
│ 💰 Bybit USDT Balance: $2.04 USDT
└─────────────────────────────────────────────────────────────────┘
🚨 [EMERGENCY HALT] Available account capital is dangerously low ($2.04 USDT). Halting all strategy calculations and freezing order routing!
🚀 Hermes Production Engine Initializing...
┌─────────────────────────────────────────────────────────────────┐
│ 💰 Bybit USDT Balance: $1.91 USDT
└─────────────────────────────────────────────────────────────────┘
🚨 [EMERGENCY HALT] Available account capital is dangerously low ($1.91 USDT). Halting all strategy calculations and freezing order routing!
🚀 Hermes Production Engine Initializing...
┌─────────────────────────────────────────────────────────────────┐
│ 💰 Bybit USDT Balance: $1.95 USDT
└─────────────────────────────────────────────────────────────────┘
🚨 [EMERGENCY HALT] Available account capital is dangerously low ($1.95 USDT). Halting all strategy calculations and freezing order routing!
🚀 Hermes Production Engine Initializing...
┌─────────────────────────────────────────────────────────────────┐
│ 💰 Bybit USDT Balance: $1.96 USDT
└─────────────────────────────────────────────────────────────────┘
🚨 [EMERGENCY HALT] Available account capital is dangerously low ($1.96 USDT). Halting all strategy calculations and freezing order routing!
🚀 Hermes Production Engine Initializing...
┌─────────────────────────────────────────────────────────────────┐
│ 💰 Bybit USDT Balance: $1.84 USDT
└─────────────────────────────────────────────────────────────────┘
🚨 [EMERGENCY HALT] Available account capital is dangerously low ($1.84 USDT). Halting all strategy calculations and freezing order routing!
🚀 Hermes Production Engine Initializing...
┌─────────────────────────────────────────────────────────────────┐
│ 💰 Bybit USDT Balance: $1.76 USDT
└─────────────────────────────────────────────────────────────────┘
🚨 [EMERGENCY HALT] Available account capital is dangerously low ($1.76 USDT). Halting all strategy calculations and freezing order routing!
🚀 Hermes Production Engine Initializing...
┌─────────────────────────────────────────────────────────────────┐
│ 💰 Bybit USDT Balance: $1.70 USDT
└─────────────────────────────────────────────────────────────────┘
🚨 [EMERGENCY HALT] Available account capital is dangerously low ($1.70 USDT). Halting all strategy calculations and freezing order routing!
🚀 Hermes Production Engine Initializing...
┌─────────────────────────────────────────────────────────────────┐
│ 💰 Bybit USDT Balance: $1.99 USDT
└─────────────────────────────────────────────────────────────────┘
🚨 [EMERGENCY HALT] Available account capital is dangerously low ($1.99 USDT). Halting all strategy calculations and freezing order routing!
🚀 Hermes Production Engine Initializing...
┌─────────────────────────────────────────────────────────────────┐
│ 💰 Bybit USDT Balance: $1.64 USDT
└─────────────────────────────────────────────────────────────────┘
🚨 [EMERGENCY HALT] Available account capital is dangerously low ($1.64 USDT). Halting all strategy calculations and freezing order routing!
🚀 Hermes Production Engine Initializing...
┌─────────────────────────────────────────────────────────────────┐
│ 💰 Bybit USDT Balance: $1.22 USDT
└─────────────────────────────────────────────────────────────────┘
🚨 [EMERGENCY HALT] Available account capital is dangerously low ($1.22 USDT). Halting all strategy calculations and freezing order routing!
🚀 Hermes Production Engine Initializing...
┌─────────────────────────────────────────────────────────────────┐
│ 💰 Bybit USDT Balance: $1.35 USDT
└─────────────────────────────────────────────────────────────────┘
🚨 [EMERGENCY HALT] Available account capital is dangerously low ($1.35 USDT). Halting all strategy calculations and freezing order routing!
🚀 Hermes Production Engine Initializing...
┌─────────────────────────────────────────────────────────────────┐
│ 💰 Bybit USDT Balance: $1.43 USDT
└─────────────────────────────────────────────────────────────────┘
🚨 [EMERGENCY HALT] Available account capital is dangerously low ($1.43 USDT). Halting all strategy calculations and freezing order routing!
🚀 Hermes Production Engine Initializing...
┌─────────────────────────────────────────────────────────────────┐
│ 💰 Bybit USDT Balance: $1.51 USDT
└─────────────────────────────────────────────────────────────────┘
🚨 [EMERGENCY HALT] Available account capital is dangerously low ($1.51 USDT). Halting all strategy calculations and freezing order routing!
🚀 Hermes Production Engine Initializing...
┌─────────────────────────────────────────────────────────────────┐
│ 💰 Bybit USDT Balance: $1.41 USDT
└─────────────────────────────────────────────────────────────────┘
🚨 [EMERGENCY HALT] Available account capital is dangerously low ($1.41 USDT). Halting all strategy calculations and freezing order routing!
🚀 Hermes Production Engine Initializing...
┌─────────────────────────────────────────────────────────────────┐
│ 💰 Bybit USDT Balance: $1.22 USDT
└─────────────────────────────────────────────────────────────────┘
🚨 [EMERGENCY HALT] Available account capital is dangerously low ($1.22 USDT). Halting all strategy calculations and freezing order routing!
🚀 Hermes Production Engine Initializing...
┌─────────────────────────────────────────────────────────────────┐
│ 💰 Bybit USDT Balance: $1.54 USDT
└─────────────────────────────────────────────────────────────────┘
🚨 [EMERGENCY HALT] Available account capital is dangerously low ($1.54 USDT). Halting all strategy calculations and freezing order routing!
🚀 Hermes Production Engine Initializing...
┌─────────────────────────────────────────────────────────────────┐
│ 💰 Bybit USDT Balance: $1.51 USDT
└─────────────────────────────────────────────────────────────────┘
🚨 [EMERGENCY HALT] Available account capital is dangerously low ($1.51 USDT). Halting all strategy calculations and freezing order routing!
🚀 Hermes Production Engine Initializing...
┌─────────────────────────────────────────────────────────────────┐
│ 💰 Bybit USDT Balance: $1.67 USDT
└─────────────────────────────────────────────────────────────────┘
🚨 [EMERGENCY HALT] Available account capital is dangerously low ($1.67 USDT). Halting all strategy calculations and freezing order routing!
🚀 Hermes Production Engine Initializing...
┌─────────────────────────────────────────────────────────────────┐
│ 💰 Bybit USDT Balance: $1.47 USDT
└─────────────────────────────────────────────────────────────────┘
🚨 [EMERGENCY HALT] Available account capital is dangerously low ($1.47 USDT). Halting all strategy calculations and freezing order routing!
🚀 Hermes Production Engine Initializing...
┌─────────────────────────────────────────────────────────────────┐
│ 💰 Bybit USDT Balance: $1.40 USDT
└─────────────────────────────────────────────────────────────────┘
🚨 [EMERGENCY HALT] Available account capital is dangerously low ($1.40 USDT). Halting all strategy calculations and freezing order routing!
🚀 Hermes Production Engine Initializing...
┌─────────────────────────────────────────────────────────────────┐
│ 💰 Bybit USDT Balance: $1.33 USDT
└─────────────────────────────────────────────────────────────────┘
🚨 [EMERGENCY HALT] Available account capital is dangerously low ($1.33 USDT). Halting all strategy calculations and freezing order routing!
🚀 Hermes Production Engine Initializing...
┌─────────────────────────────────────────────────────────────────┐
│ 💰 Bybit USDT Balance: $1.62 USDT
└─────────────────────────────────────────────────────────────────┘
🚨 [EMERGENCY HALT] Available account capital is dangerously low ($1.62 USDT). Halting all strategy calculations and freezing order routing!
🚀 Hermes Production Engine Initializing...
┌─────────────────────────────────────────────────────────────────┐
│ 💰 Bybit USDT Balance: $2.57 USDT
└─────────────────────────────────────────────────────────────────┘
🚨 [EMERGENCY HALT] Available account capital is dangerously low ($2.57 USDT). Halting all strategy calculations and freezing order routing!
🚀 Hermes Production Engine Initializing...
┌─────────────────────────────────────────────────────────────────┐
│ 💰 Bybit USDT Balance: $3.18 USDT
└─────────────────────────────────────────────────────────────────┘
🚨 [EMERGENCY HALT] Available account capital is dangerously low ($3.18 USDT). Halting all strategy calculations and freezing order routing!
🚀 Hermes Production Engine Initializing...
┌─────────────────────────────────────────────────────────────────┐
│ 💰 Bybit USDT Balance: $3.27 USDT
└─────────────────────────────────────────────────────────────────┘
🚨 [EMERGENCY HALT] Available account capital is dangerously low ($3.27 USDT). Halting all strategy calculations and freezing order routing!
🚀 Hermes Production Engine Initializing...
┌─────────────────────────────────────────────────────────────────┐
│ 💰 Bybit USDT Balance: $12.36 USDT
└─────────────────────────────────────────────────────────────────┘
⚠️ Position guard query failed: bybit error [10001]: Missing some parameters that must be filled in, symbol or settleCoin
📊 Active positions in watchlist: 0/5
Analyzing Ingestion Pipeline for BTCUSDT...
Analyzing Ingestion Pipeline for ETHUSDT...
Analyzing Ingestion Pipeline for SOLUSDT...
Analyzing Ingestion Pipeline for BNBUSDT...
Analyzing Ingestion Pipeline for XRPUSDT...
Analyzing Ingestion Pipeline for ADAUSDT...
Analyzing Ingestion Pipeline for SUIUSDT...
Analyzing Ingestion Pipeline for AVAXUSDT...
Analyzing Ingestion Pipeline for NEARUSDT...
Analyzing Ingestion Pipeline for APTUSDT...
Analyzing Ingestion Pipeline for LINKUSDT...
Analyzing Ingestion Pipeline for RENDERUSDT...
Analyzing Ingestion Pipeline for FETUSDT...
⚠️ [FETUSDT] Empty data packet received from exchange — skipping asset.

=========================================================================================
                          HERMES LIVE EXECUTION DASHBOARD                            
=========================================================================================
💰 Live Bybit Balance: $12.36 USDT
=========================================================================================
SYMBOL     | REGIME (1D)  | ADX (1D)   | ACTIVE STRATEGY        | SIGNAL
-----------------------------------------------------------------------------------------
BTCUSDT    | RANGING ↔️   | 19.15      | Statistical Mean Reversion | HOLD  
   ┗━ Local Reason: Price trading safely within neutral distribution boundaries.
   🛡️ AI Gateway Status: [IDLE] (No API costs incurred while Local Signal is HOLD)

ETHUSDT    | TRENDING 📈   | 27.72      | Trend-Following Momentum | HOLD  
   ┗━ Local Reason: Trend is active but asset is in macro consolidation phase.
   🛡️ AI Gateway Status: [IDLE] (No API costs incurred while Local Signal is HOLD)

SOLUSDT    | RANGING ↔️   | 17.08      | Statistical Mean Reversion | HOLD  
   ┗━ Local Reason: Price trading safely within neutral distribution boundaries.
   🛡️ AI Gateway Status: [IDLE] (No API costs incurred while Local Signal is HOLD)

BNBUSDT    | TRENDING 📈   | 26.03      | Trend-Following Momentum | HOLD  
   ┗━ Local Reason: Trend criteria met but 4H volume below 1.5x 20-MA threshold. Awaiting volume confirmation.
   🛡️ AI Gateway Status: [IDLE] (No API costs incurred while Local Signal is HOLD)

XRPUSDT    | RANGING ↔️   | 14.73      | Statistical Mean Reversion | HOLD  
   ┗━ Local Reason: Price trading safely within neutral distribution boundaries.
   🛡️ AI Gateway Status: [IDLE] (No API costs incurred while Local Signal is HOLD)

ADAUSDT    | RANGING ↔️   | 16.75      | Statistical Mean Reversion | HOLD  
   ┗━ Local Reason: Price trading safely within neutral distribution boundaries.
   🛡️ AI Gateway Status: [IDLE] (No API costs incurred while Local Signal is HOLD)

SUIUSDT    | MIXED 🔄      | 20.50      | Regime Neutral Filter  | HOLD  
   ┗━ Local Reason: ADX signals a mixed, low-conviction environment. Standing aside to protect core capital.
   🛡️ AI Gateway Status: [IDLE] (No API costs incurred while Local Signal is HOLD)

AVAXUSDT   | RANGING ↔️   | 14.84      | Statistical Mean Reversion | HOLD  
   ┗━ Local Reason: Price trading safely within neutral distribution boundaries.
   🛡️ AI Gateway Status: [IDLE] (No API costs incurred while Local Signal is HOLD)

NEARUSDT   | TRENDING 📈   | 52.27      | Trend-Following Momentum | HOLD  
   ┗━ Local Reason: Trend criteria met but 4H volume below 1.5x 20-MA threshold. Awaiting volume confirmation.
   🛡️ AI Gateway Status: [IDLE] (No API costs incurred while Local Signal is HOLD)

APTUSDT    | MIXED 🔄      | 20.02      | Regime Neutral Filter  | HOLD  
   ┗━ Local Reason: ADX signals a mixed, low-conviction environment. Standing aside to protect core capital.
   🛡️ AI Gateway Status: [IDLE] (No API costs incurred while Local Signal is HOLD)

LINKUSDT   | RANGING ↔️   | 18.61      | Statistical Mean Reversion | HOLD  
   ┗━ Local Reason: Price trading safely within neutral distribution boundaries.
   🛡️ AI Gateway Status: [IDLE] (No API costs incurred while Local Signal is HOLD)

RENDERUSDT | MIXED 🔄      | 23.39      | Regime Neutral Filter  | HOLD  
   ┗━ Local Reason: ADX signals a mixed, low-conviction environment. Standing aside to protect core capital.
   🛡️ AI Gateway Status: [IDLE] (No API costs incurred while Local Signal is HOLD)

=========================================================================================
⚠️ Bybit Position query rejected or empty.
🚀 Hermes Production Engine Initializing...
┌─────────────────────────────────────────────────────────────────┐
│ 💰 Bybit USDT Balance: $12.34 USDT
└─────────────────────────────────────────────────────────────────┘
⚠️ Position guard query failed: bybit error [10001]: Missing some parameters that must be filled in, symbol or settleCoin
📊 Active positions in watchlist: 0/5
Analyzing Ingestion Pipeline for BTCUSDT...
Analyzing Ingestion Pipeline for ETHUSDT...
Analyzing Ingestion Pipeline for SOLUSDT...
Analyzing Ingestion Pipeline for BNBUSDT...
Analyzing Ingestion Pipeline for XRPUSDT...
Analyzing Ingestion Pipeline for ADAUSDT...
Analyzing Ingestion Pipeline for SUIUSDT...
Analyzing Ingestion Pipeline for AVAXUSDT...
Analyzing Ingestion Pipeline for NEARUSDT...
Analyzing Ingestion Pipeline for APTUSDT...
Analyzing Ingestion Pipeline for LINKUSDT...
Analyzing Ingestion Pipeline for RENDERUSDT...
Analyzing Ingestion Pipeline for FETUSDT...
⚠️ [FETUSDT] Empty data packet received from exchange — skipping asset.

=========================================================================================
                          HERMES LIVE EXECUTION DASHBOARD                            
=========================================================================================
💰 Live Bybit Balance: $12.34 USDT
=========================================================================================
SYMBOL     | REGIME (1D)  | ADX (1D)   | ACTIVE STRATEGY        | SIGNAL
-----------------------------------------------------------------------------------------
BTCUSDT    | RANGING ↔️   | 19.15      | Statistical Mean Reversion | HOLD  
   ┗━ Local Reason: Price trading safely within neutral distribution boundaries.
   🛡️ AI Gateway Status: [IDLE] (No API costs incurred while Local Signal is HOLD)

ETHUSDT    | TRENDING 📈   | 27.72      | Trend-Following Momentum | HOLD  
   ┗━ Local Reason: Trend is active but asset is in macro consolidation phase.
   🛡️ AI Gateway Status: [IDLE] (No API costs incurred while Local Signal is HOLD)

SOLUSDT    | RANGING ↔️   | 17.08      | Statistical Mean Reversion | HOLD  
   ┗━ Local Reason: Price trading safely within neutral distribution boundaries.
   🛡️ AI Gateway Status: [IDLE] (No API costs incurred while Local Signal is HOLD)

BNBUSDT    | TRENDING 📈   | 26.03      | Trend-Following Momentum | HOLD  
   ┗━ Local Reason: Trend criteria met but 4H volume below 1.5x 20-MA threshold. Awaiting volume confirmation.
   🛡️ AI Gateway Status: [IDLE] (No API costs incurred while Local Signal is HOLD)

XRPUSDT    | RANGING ↔️   | 14.73      | Statistical Mean Reversion | HOLD  
   ┗━ Local Reason: Price trading safely within neutral distribution boundaries.
   🛡️ AI Gateway Status: [IDLE] (No API costs incurred while Local Signal is HOLD)

ADAUSDT    | RANGING ↔️   | 16.75      | Statistical Mean Reversion | HOLD  
   ┗━ Local Reason: Price trading safely within neutral distribution boundaries.
   🛡️ AI Gateway Status: [IDLE] (No API costs incurred while Local Signal is HOLD)

SUIUSDT    | MIXED 🔄      | 20.50      | Regime Neutral Filter  | HOLD  
   ┗━ Local Reason: ADX signals a mixed, low-conviction environment. Standing aside to protect core capital.
   🛡️ AI Gateway Status: [IDLE] (No API costs incurred while Local Signal is HOLD)

AVAXUSDT   | RANGING ↔️   | 14.84      | Statistical Mean Reversion | HOLD  
   ┗━ Local Reason: Price trading safely within neutral distribution boundaries.
   🛡️ AI Gateway Status: [IDLE] (No API costs incurred while Local Signal is HOLD)

NEARUSDT   | TRENDING 📈   | 52.28      | Trend-Following Momentum | HOLD  
   ┗━ Local Reason: Trend criteria met but 4H volume below 1.5x 20-MA threshold. Awaiting volume confirmation.
   🛡️ AI Gateway Status: [IDLE] (No API costs incurred while Local Signal is HOLD)

APTUSDT    | MIXED 🔄      | 20.02      | Regime Neutral Filter  | HOLD  
   ┗━ Local Reason: ADX signals a mixed, low-conviction environment. Standing aside to protect core capital.
   🛡️ AI Gateway Status: [IDLE] (No API costs incurred while Local Signal is HOLD)

LINKUSDT   | RANGING ↔️   | 18.61      | Statistical Mean Reversion | HOLD  
   ┗━ Local Reason: Price trading safely within neutral distribution boundaries.
   🛡️ AI Gateway Status: [IDLE] (No API costs incurred while Local Signal is HOLD)

RENDERUSDT | MIXED 🔄      | 23.39      | Regime Neutral Filter  | HOLD  
   ┗━ Local Reason: ADX signals a mixed, low-conviction environment. Standing aside to protect core capital.
   🛡️ AI Gateway Status: [IDLE] (No API costs incurred while Local Signal is HOLD)

=========================================================================================
⚠️ Bybit Position query rejected or empty.
🚀 Hermes Production Engine Initializing...
┌─────────────────────────────────────────────────────────────────┐
│ 💰 Bybit USDT Balance: $12.38 USDT
└─────────────────────────────────────────────────────────────────┘
⚠️ Position guard query failed: bybit error [10001]: Missing some parameters that must be filled in, symbol or settleCoin
📊 Active positions in watchlist: 0/5
Analyzing Ingestion Pipeline for BTCUSDT...
Analyzing Ingestion Pipeline for ETHUSDT...
Analyzing Ingestion Pipeline for SOLUSDT...
Analyzing Ingestion Pipeline for BNBUSDT...
Analyzing Ingestion Pipeline for XRPUSDT...
Analyzing Ingestion Pipeline for ADAUSDT...
Analyzing Ingestion Pipeline for SUIUSDT...
Analyzing Ingestion Pipeline for AVAXUSDT...
Analyzing Ingestion Pipeline for NEARUSDT...
Analyzing Ingestion Pipeline for APTUSDT...
Analyzing Ingestion Pipeline for LINKUSDT...
Analyzing Ingestion Pipeline for RENDERUSDT...
Analyzing Ingestion Pipeline for FETUSDT...
⚠️ [FETUSDT] Empty data packet received from exchange — skipping asset.

=========================================================================================
                          HERMES LIVE EXECUTION DASHBOARD                            
=========================================================================================
💰 Live Bybit Balance: $12.38 USDT
=========================================================================================
SYMBOL     | REGIME (1D)  | ADX (1D)   | ACTIVE STRATEGY        | SIGNAL
-----------------------------------------------------------------------------------------
BTCUSDT    | RANGING ↔️   | 19.15      | Statistical Mean Reversion | HOLD  
   ┗━ Local Reason: Price trading safely within neutral distribution boundaries.
   🛡️ AI Gateway Status: [IDLE] (No API costs incurred while Local Signal is HOLD)

ETHUSDT    | TRENDING 📈   | 27.72      | Trend-Following Momentum | HOLD  
   ┗━ Local Reason: Trend is active but asset is in macro consolidation phase.
   🛡️ AI Gateway Status: [IDLE] (No API costs incurred while Local Signal is HOLD)

SOLUSDT    | RANGING ↔️   | 17.08      | Statistical Mean Reversion | HOLD  
   ┗━ Local Reason: Price trading safely within neutral distribution boundaries.
   🛡️ AI Gateway Status: [IDLE] (No API costs incurred while Local Signal is HOLD)

BNBUSDT    | TRENDING 📈   | 26.03      | Trend-Following Momentum | HOLD  
   ┗━ Local Reason: Trend criteria met but 4H volume below 1.5x 20-MA threshold. Awaiting volume confirmation.
   🛡️ AI Gateway Status: [IDLE] (No API costs incurred while Local Signal is HOLD)

XRPUSDT    | RANGING ↔️   | 14.73      | Statistical Mean Reversion | HOLD  
   ┗━ Local Reason: Price trading safely within neutral distribution boundaries.
   🛡️ AI Gateway Status: [IDLE] (No API costs incurred while Local Signal is HOLD)

ADAUSDT    | RANGING ↔️   | 16.75      | Statistical Mean Reversion | HOLD  
   ┗━ Local Reason: Price trading safely within neutral distribution boundaries.
   🛡️ AI Gateway Status: [IDLE] (No API costs incurred while Local Signal is HOLD)

SUIUSDT    | MIXED 🔄      | 20.50      | Regime Neutral Filter  | HOLD  
   ┗━ Local Reason: ADX signals a mixed, low-conviction environment. Standing aside to protect core capital.
   🛡️ AI Gateway Status: [IDLE] (No API costs incurred while Local Signal is HOLD)

AVAXUSDT   | RANGING ↔️   | 14.84      | Statistical Mean Reversion | HOLD  
   ┗━ Local Reason: Price trading safely within neutral distribution boundaries.
   🛡️ AI Gateway Status: [IDLE] (No API costs incurred while Local Signal is HOLD)

NEARUSDT   | TRENDING 📈   | 52.29      | Trend-Following Momentum | BUY   
   ┗━ Local Reason: Price above EMA20, Golden Cross intact, RSI strong, and 4H volume surge confirms momentum.
   📊 7-Day Strength: +84.92%
APTUSDT    | MIXED 🔄      | 20.02      | Regime Neutral Filter  | HOLD  
   ┗━ Local Reason: ADX signals a mixed, low-conviction environment. Standing aside to protect core capital.
   🛡️ AI Gateway Status: [IDLE] (No API costs incurred while Local Signal is HOLD)

LINKUSDT   | RANGING ↔️   | 18.61      | Statistical Mean Reversion | HOLD  
   ┗━ Local Reason: Price trading safely within neutral distribution boundaries.
   🛡️ AI Gateway Status: [IDLE] (No API costs incurred while Local Signal is HOLD)

RENDERUSDT | MIXED 🔄      | 23.39      | Regime Neutral Filter  | HOLD  
   ┗━ Local Reason: ADX signals a mixed, low-conviction environment. Standing aside to protect core capital.
   🛡️ AI Gateway Status: [IDLE] (No API costs incurred while Local Signal is HOLD)


💡 [NEARUSDT] Active trade setup found! Initiating OpenRouter AI Verification layer...
   🤖 AI VERDICT: [REJECTED] (Confidence: 0.00)
   🤖 AI Reason: RSI is too high, indicating overbought conditions and potential for a reversal.
   🛡️ Signal REJECTED by AI risk layer. Order routing halted.

=========================================================================================
⚠️ Bybit Position query rejected or empty.
🚀 Hermes Production Engine Initializing...
┌─────────────────────────────────────────────────────────────────┐
│ 💰 Bybit USDT Balance: $12.39 USDT
└─────────────────────────────────────────────────────────────────┘
⚠️ Position guard query failed: bybit error [10001]: Missing some parameters that must be filled in, symbol or settleCoin
📊 Active positions in watchlist: 0/5
Analyzing Ingestion Pipeline for BTCUSDT...
Analyzing Ingestion Pipeline for ETHUSDT...
Analyzing Ingestion Pipeline for SOLUSDT...
Analyzing Ingestion Pipeline for BNBUSDT...
Analyzing Ingestion Pipeline for XRPUSDT...
Analyzing Ingestion Pipeline for ADAUSDT...
⚠️ Error processing 1D data for ADAUSDT: bybit api returned error: Too many visits. Exceeded the API Rate Limit.
Analyzing Ingestion Pipeline for SUIUSDT...
Analyzing Ingestion Pipeline for AVAXUSDT...
Analyzing Ingestion Pipeline for NEARUSDT...
⚠️ Error processing 4H data for NEARUSDT: bybit api returned error: Too many visits. Exceeded the API Rate Limit.
Analyzing Ingestion Pipeline for APTUSDT...
⚠️ Error processing 1D data for APTUSDT: bybit api returned error: Too many visits. Exceeded the API Rate Limit.
Analyzing Ingestion Pipeline for LINKUSDT...
Analyzing Ingestion Pipeline for RENDERUSDT...
Analyzing Ingestion Pipeline for FETUSDT...
⚠️ [FETUSDT] Empty data packet received from exchange — skipping asset.

=========================================================================================
                          HERMES LIVE EXECUTION DASHBOARD                            
=========================================================================================
💰 Live Bybit Balance: $12.39 USDT
=========================================================================================
SYMBOL     | REGIME (1D)  | ADX (1D)   | ACTIVE STRATEGY        | SIGNAL
-----------------------------------------------------------------------------------------
BTCUSDT    | RANGING ↔️   | 19.15      | Statistical Mean Reversion | HOLD  
   ┗━ Local Reason: Price trading safely within neutral distribution boundaries.
   🛡️ AI Gateway Status: [IDLE] (No API costs incurred while Local Signal is HOLD)

ETHUSDT    | TRENDING 📈   | 27.72      | Trend-Following Momentum | HOLD  
   ┗━ Local Reason: Trend is active but asset is in macro consolidation phase.
   🛡️ AI Gateway Status: [IDLE] (No API costs incurred while Local Signal is HOLD)

SOLUSDT    | RANGING ↔️   | 17.08      | Statistical Mean Reversion | HOLD  
   ┗━ Local Reason: Price trading safely within neutral distribution boundaries.
   🛡️ AI Gateway Status: [IDLE] (No API costs incurred while Local Signal is HOLD)

BNBUSDT    | TRENDING 📈   | 26.03      | Trend-Following Momentum | HOLD  
   ┗━ Local Reason: Trend criteria met but 4H volume below 1.5x 20-MA threshold. Awaiting volume confirmation.
   🛡️ AI Gateway Status: [IDLE] (No API costs incurred while Local Signal is HOLD)

XRPUSDT    | RANGING ↔️   | 14.73      | Statistical Mean Reversion | HOLD  
   ┗━ Local Reason: Price trading safely within neutral distribution boundaries.
   🛡️ AI Gateway Status: [IDLE] (No API costs incurred while Local Signal is HOLD)

SUIUSDT    | MIXED 🔄      | 20.50      | Regime Neutral Filter  | HOLD  
   ┗━ Local Reason: ADX signals a mixed, low-conviction environment. Standing aside to protect core capital.
   🛡️ AI Gateway Status: [IDLE] (No API costs incurred while Local Signal is HOLD)

AVAXUSDT   | RANGING ↔️   | 14.84      | Statistical Mean Reversion | HOLD  
   ┗━ Local Reason: Price trading safely within neutral distribution boundaries.
   🛡️ AI Gateway Status: [IDLE] (No API costs incurred while Local Signal is HOLD)

LINKUSDT   | RANGING ↔️   | 18.61      | Statistical Mean Reversion | HOLD  
   ┗━ Local Reason: Price trading safely within neutral distribution boundaries.
   🛡️ AI Gateway Status: [IDLE] (No API costs incurred while Local Signal is HOLD)

RENDERUSDT | MIXED 🔄      | 23.39      | Regime Neutral Filter  | HOLD  
   ┗━ Local Reason: ADX signals a mixed, low-conviction environment. Standing aside to protect core capital.
   🛡️ AI Gateway Status: [IDLE] (No API costs incurred while Local Signal is HOLD)

=========================================================================================
⚠️ Bybit Position query rejected or empty.
🚀 Hermes Production Engine Initializing...
┌─────────────────────────────────────────────────────────────────┐
│ 💰 Bybit USDT Balance: $12.28 USDT
└─────────────────────────────────────────────────────────────────┘
⚠️ Position guard query failed: bybit error [10001]: Missing some parameters that must be filled in, symbol or settleCoin
📊 Active positions in watchlist: 0/5
Analyzing Ingestion Pipeline for BTCUSDT...
Analyzing Ingestion Pipeline for ETHUSDT...
Analyzing Ingestion Pipeline for SOLUSDT...
Analyzing Ingestion Pipeline for BNBUSDT...
Analyzing Ingestion Pipeline for XRPUSDT...
Analyzing Ingestion Pipeline for ADAUSDT...
⚠️ Error processing 1D data for ADAUSDT: bybit api returned error: Too many visits. Exceeded the API Rate Limit.
Analyzing Ingestion Pipeline for SUIUSDT...
Analyzing Ingestion Pipeline for AVAXUSDT...
Analyzing Ingestion Pipeline for NEARUSDT...
Analyzing Ingestion Pipeline for APTUSDT...
Analyzing Ingestion Pipeline for LINKUSDT...
Analyzing Ingestion Pipeline for RENDERUSDT...
Analyzing Ingestion Pipeline for FETUSDT...
⚠️ [FETUSDT] Empty data packet received from exchange — skipping asset.

=========================================================================================
                          HERMES LIVE EXECUTION DASHBOARD                            
=========================================================================================
💰 Live Bybit Balance: $12.28 USDT
=========================================================================================
SYMBOL     | REGIME (1D)  | ADX (1D)   | ACTIVE STRATEGY        | SIGNAL
-----------------------------------------------------------------------------------------
BTCUSDT    | RANGING ↔️   | 19.15      | Statistical Mean Reversion | HOLD  
   ┗━ Local Reason: Price trading safely within neutral distribution boundaries.
   🛡️ AI Gateway Status: [IDLE] (No API costs incurred while Local Signal is HOLD)

ETHUSDT    | TRENDING 📈   | 27.72      | Trend-Following Momentum | HOLD  
   ┗━ Local Reason: Trend is active but asset is in macro consolidation phase.
   🛡️ AI Gateway Status: [IDLE] (No API costs incurred while Local Signal is HOLD)

SOLUSDT    | RANGING ↔️   | 17.08      | Statistical Mean Reversion | HOLD  
   ┗━ Local Reason: Price trading safely within neutral distribution boundaries.
   🛡️ AI Gateway Status: [IDLE] (No API costs incurred while Local Signal is HOLD)

BNBUSDT    | TRENDING 📈   | 26.03      | Trend-Following Momentum | HOLD  
   ┗━ Local Reason: Trend criteria met but 4H volume below 1.5x 20-MA threshold. Awaiting volume confirmation.
   🛡️ AI Gateway Status: [IDLE] (No API costs incurred while Local Signal is HOLD)

XRPUSDT    | RANGING ↔️   | 14.73      | Statistical Mean Reversion | HOLD  
   ┗━ Local Reason: Price trading safely within neutral distribution boundaries.
   🛡️ AI Gateway Status: [IDLE] (No API costs incurred while Local Signal is HOLD)

SUIUSDT    | MIXED 🔄      | 20.50      | Regime Neutral Filter  | HOLD  
   ┗━ Local Reason: ADX signals a mixed, low-conviction environment. Standing aside to protect core capital.
   🛡️ AI Gateway Status: [IDLE] (No API costs incurred while Local Signal is HOLD)

AVAXUSDT   | RANGING ↔️   | 14.84      | Statistical Mean Reversion | HOLD  
   ┗━ Local Reason: Price trading safely within neutral distribution boundaries.
   🛡️ AI Gateway Status: [IDLE] (No API costs incurred while Local Signal is HOLD)

NEARUSDT   | TRENDING 📈   | 52.30      | Trend-Following Momentum | HOLD  
   ┗━ Local Reason: Trend criteria met but 4H volume below 1.5x 20-MA threshold. Awaiting volume confirmation.
   🛡️ AI Gateway Status: [IDLE] (No API costs incurred while Local Signal is HOLD)

APTUSDT    | MIXED 🔄      | 20.02      | Regime Neutral Filter  | HOLD  
   ┗━ Local Reason: ADX signals a mixed, low-conviction environment. Standing aside to protect core capital.
   🛡️ AI Gateway Status: [IDLE] (No API costs incurred while Local Signal is HOLD)

LINKUSDT   | RANGING ↔️   | 18.61      | Statistical Mean Reversion | HOLD  
   ┗━ Local Reason: Price trading safely within neutral distribution boundaries.
   🛡️ AI Gateway Status: [IDLE] (No API costs incurred while Local Signal is HOLD)

RENDERUSDT | MIXED 🔄      | 23.39      | Regime Neutral Filter  | HOLD  
   ┗━ Local Reason: ADX signals a mixed, low-conviction environment. Standing aside to protect core capital.
   🛡️ AI Gateway Status: [IDLE] (No API costs incurred while Local Signal is HOLD)

=========================================================================================
⚠️ Bybit Position query rejected or empty.
🚀 Hermes Production Engine Initializing...
┌─────────────────────────────────────────────────────────────────┐
│ 💰 Bybit USDT Balance: $12.25 USDT
└─────────────────────────────────────────────────────────────────┘
⚠️ Position guard query failed: bybit error [10001]: Missing some parameters that must be filled in, symbol or settleCoin
📊 Active positions in watchlist: 0/5
Analyzing Ingestion Pipeline for BTCUSDT...
Analyzing Ingestion Pipeline for ETHUSDT...
Analyzing Ingestion Pipeline for SOLUSDT...
Analyzing Ingestion Pipeline for BNBUSDT...
Analyzing Ingestion Pipeline for XRPUSDT...
Analyzing Ingestion Pipeline for ADAUSDT...
⚠️ Error processing 4H data for ADAUSDT: bybit api returned error: Too many visits. Exceeded the API Rate Limit.
Analyzing Ingestion Pipeline for SUIUSDT...
⚠️ Error processing 4H data for SUIUSDT: bybit api returned error: Too many visits. Exceeded the API Rate Limit.
Analyzing Ingestion Pipeline for AVAXUSDT...
Analyzing Ingestion Pipeline for NEARUSDT...
Analyzing Ingestion Pipeline for APTUSDT...
⚠️ Error processing 1D data for APTUSDT: bybit api returned error: Too many visits. Exceeded the API Rate Limit.
Analyzing Ingestion Pipeline for LINKUSDT...
Analyzing Ingestion Pipeline for RENDERUSDT...
Analyzing Ingestion Pipeline for FETUSDT...
⚠️ Error processing 1D data for FETUSDT: bybit api returned error: Too many visits. Exceeded the API Rate Limit.

=========================================================================================
                          HERMES LIVE EXECUTION DASHBOARD                            
=========================================================================================
💰 Live Bybit Balance: $12.25 USDT
=========================================================================================
SYMBOL     | REGIME (1D)  | ADX (1D)   | ACTIVE STRATEGY        | SIGNAL
-----------------------------------------------------------------------------------------
BTCUSDT    | RANGING ↔️   | 19.15      | Statistical Mean Reversion | HOLD  
   ┗━ Local Reason: Price trading safely within neutral distribution boundaries.
   🛡️ AI Gateway Status: [IDLE] (No API costs incurred while Local Signal is HOLD)

ETHUSDT    | TRENDING 📈   | 27.72      | Trend-Following Momentum | HOLD  
   ┗━ Local Reason: Trend is active but asset is in macro consolidation phase.
   🛡️ AI Gateway Status: [IDLE] (No API costs incurred while Local Signal is HOLD)

SOLUSDT    | RANGING ↔️   | 17.08      | Statistical Mean Reversion | HOLD  
   ┗━ Local Reason: Price trading safely within neutral distribution boundaries.
   🛡️ AI Gateway Status: [IDLE] (No API costs incurred while Local Signal is HOLD)

BNBUSDT    | TRENDING 📈   | 26.03      | Trend-Following Momentum | HOLD  
   ┗━ Local Reason: Trend criteria met but 4H volume below 1.5x 20-MA threshold. Awaiting volume confirmation.
   🛡️ AI Gateway Status: [IDLE] (No API costs incurred while Local Signal is HOLD)

XRPUSDT    | RANGING ↔️   | 14.73      | Statistical Mean Reversion | HOLD  
   ┗━ Local Reason: Price trading safely within neutral distribution boundaries.
   🛡️ AI Gateway Status: [IDLE] (No API costs incurred while Local Signal is HOLD)

AVAXUSDT   | RANGING ↔️   | 14.84      | Statistical Mean Reversion | HOLD  
   ┗━ Local Reason: Price trading safely within neutral distribution boundaries.
   🛡️ AI Gateway Status: [IDLE] (No API costs incurred while Local Signal is HOLD)

NEARUSDT   | TRENDING 📈   | 52.30      | Trend-Following Momentum | HOLD  
   ┗━ Local Reason: Trend criteria met but 4H volume below 1.5x 20-MA threshold. Awaiting volume confirmation.
   🛡️ AI Gateway Status: [IDLE] (No API costs incurred while Local Signal is HOLD)

LINKUSDT   | RANGING ↔️   | 18.61      | Statistical Mean Reversion | HOLD  
   ┗━ Local Reason: Price trading safely within neutral distribution boundaries.
   🛡️ AI Gateway Status: [IDLE] (No API costs incurred while Local Signal is HOLD)

RENDERUSDT | MIXED 🔄      | 23.39      | Regime Neutral Filter  | HOLD  
   ┗━ Local Reason: ADX signals a mixed, low-conviction environment. Standing aside to protect core capital.
   🛡️ AI Gateway Status: [IDLE] (No API costs incurred while Local Signal is HOLD)

=========================================================================================
⚠️ Bybit Position query rejected or empty.
🚀 Hermes Production Engine Initializing...
┌─────────────────────────────────────────────────────────────────┐
│ 💰 Bybit USDT Balance: $12.36 USDT
└─────────────────────────────────────────────────────────────────┘
⚠️ Position guard query failed: bybit error [10001]: Missing some parameters that must be filled in, symbol or settleCoin
📊 Active positions in watchlist: 0/5
Analyzing Ingestion Pipeline for BTCUSDT...
Analyzing Ingestion Pipeline for ETHUSDT...
Analyzing Ingestion Pipeline for SOLUSDT...
Analyzing Ingestion Pipeline for BNBUSDT...
Analyzing Ingestion Pipeline for XRPUSDT...
Analyzing Ingestion Pipeline for ADAUSDT...
⚠️ Error processing 4H data for ADAUSDT: bybit api returned error: Too many visits. Exceeded the API Rate Limit.
Analyzing Ingestion Pipeline for SUIUSDT...
Analyzing Ingestion Pipeline for AVAXUSDT...
Analyzing Ingestion Pipeline for NEARUSDT...
Analyzing Ingestion Pipeline for APTUSDT...
Analyzing Ingestion Pipeline for LINKUSDT...
Analyzing Ingestion Pipeline for RENDERUSDT...
Analyzing Ingestion Pipeline for FETUSDT...
⚠️ [FETUSDT] Empty data packet received from exchange — skipping asset.

=========================================================================================
                          HERMES LIVE EXECUTION DASHBOARD                            
=========================================================================================
💰 Live Bybit Balance: $12.36 USDT
=========================================================================================
SYMBOL     | REGIME (1D)  | ADX (1D)   | ACTIVE STRATEGY        | SIGNAL
-----------------------------------------------------------------------------------------
BTCUSDT    | RANGING ↔️   | 19.15      | Statistical Mean Reversion | HOLD  
   ┗━ Local Reason: Price trading safely within neutral distribution boundaries.
   🛡️ AI Gateway Status: [IDLE] (No API costs incurred while Local Signal is HOLD)

ETHUSDT    | TRENDING 📈   | 27.72      | Trend-Following Momentum | HOLD  
   ┗━ Local Reason: Trend is active but asset is in macro consolidation phase.
   🛡️ AI Gateway Status: [IDLE] (No API costs incurred while Local Signal is HOLD)

SOLUSDT    | RANGING ↔️   | 17.08      | Statistical Mean Reversion | HOLD  
   ┗━ Local Reason: Price trading safely within neutral distribution boundaries.
   🛡️ AI Gateway Status: [IDLE] (No API costs incurred while Local Signal is HOLD)

BNBUSDT    | TRENDING 📈   | 26.03      | Trend-Following Momentum | HOLD  
   ┗━ Local Reason: Trend criteria met but 4H volume below 1.5x 20-MA threshold. Awaiting volume confirmation.
   🛡️ AI Gateway Status: [IDLE] (No API costs incurred while Local Signal is HOLD)

XRPUSDT    | RANGING ↔️   | 14.73      | Statistical Mean Reversion | HOLD  
   ┗━ Local Reason: Price trading safely within neutral distribution boundaries.
   🛡️ AI Gateway Status: [IDLE] (No API costs incurred while Local Signal is HOLD)

SUIUSDT    | MIXED 🔄      | 20.50      | Regime Neutral Filter  | HOLD  
   ┗━ Local Reason: ADX signals a mixed, low-conviction environment. Standing aside to protect core capital.
   🛡️ AI Gateway Status: [IDLE] (No API costs incurred while Local Signal is HOLD)

AVAXUSDT   | RANGING ↔️   | 14.84      | Statistical Mean Reversion | HOLD  
   ┗━ Local Reason: Price trading safely within neutral distribution boundaries.
   🛡️ AI Gateway Status: [IDLE] (No API costs incurred while Local Signal is HOLD)

NEARUSDT   | TRENDING 📈   | 52.30      | Trend-Following Momentum | HOLD  
   ┗━ Local Reason: Trend criteria met but 4H volume below 1.5x 20-MA threshold. Awaiting volume confirmation.
   🛡️ AI Gateway Status: [IDLE] (No API costs incurred while Local Signal is HOLD)

APTUSDT    | MIXED 🔄      | 20.02      | Regime Neutral Filter  | HOLD  
   ┗━ Local Reason: ADX signals a mixed, low-conviction environment. Standing aside to protect core capital.
   🛡️ AI Gateway Status: [IDLE] (No API costs incurred while Local Signal is HOLD)

LINKUSDT   | RANGING ↔️   | 18.61      | Statistical Mean Reversion | HOLD  
   ┗━ Local Reason: Price trading safely within neutral distribution boundaries.
   🛡️ AI Gateway Status: [IDLE] (No API costs incurred while Local Signal is HOLD)

RENDERUSDT | MIXED 🔄      | 23.39      | Regime Neutral Filter  | HOLD  
   ┗━ Local Reason: ADX signals a mixed, low-conviction environment. Standing aside to protect core capital.
   🛡️ AI Gateway Status: [IDLE] (No API costs incurred while Local Signal is HOLD)

=========================================================================================
⚠️ Bybit Position query rejected or empty.
🚀 Hermes Production Engine Initializing...
┌─────────────────────────────────────────────────────────────────┐
│ 💰 Bybit USDT Balance: $12.39 USDT
└─────────────────────────────────────────────────────────────────┘
⚠️ Position guard query failed: bybit error [10001]: Missing some parameters that must be filled in, symbol or settleCoin
📊 Active positions in watchlist: 0/5
Analyzing Ingestion Pipeline for BTCUSDT...
Analyzing Ingestion Pipeline for ETHUSDT...
Analyzing Ingestion Pipeline for SOLUSDT...
Analyzing Ingestion Pipeline for BNBUSDT...
Analyzing Ingestion Pipeline for XRPUSDT...
Analyzing Ingestion Pipeline for ADAUSDT...
Analyzing Ingestion Pipeline for SUIUSDT...
Analyzing Ingestion Pipeline for AVAXUSDT...
Analyzing Ingestion Pipeline for NEARUSDT...
Analyzing Ingestion Pipeline for APTUSDT...
Analyzing Ingestion Pipeline for LINKUSDT...
Analyzing Ingestion Pipeline for RENDERUSDT...
Analyzing Ingestion Pipeline for FETUSDT...
⚠️ [FETUSDT] Empty data packet received from exchange — skipping asset.

=========================================================================================
                          HERMES LIVE EXECUTION DASHBOARD                            
=========================================================================================
💰 Live Bybit Balance: $12.39 USDT
=========================================================================================
SYMBOL     | REGIME (1D)  | ADX (1D)   | ACTIVE STRATEGY        | SIGNAL
-----------------------------------------------------------------------------------------
BTCUSDT    | RANGING ↔️   | 19.15      | Statistical Mean Reversion | HOLD  
   ┗━ Local Reason: Price trading safely within neutral distribution boundaries.
   🛡️ AI Gateway Status: [IDLE] (No API costs incurred while Local Signal is HOLD)

ETHUSDT    | TRENDING 📈   | 27.72      | Trend-Following Momentum | HOLD  
   ┗━ Local Reason: Trend is active but asset is in macro consolidation phase.
   🛡️ AI Gateway Status: [IDLE] (No API costs incurred while Local Signal is HOLD)

SOLUSDT    | RANGING ↔️   | 17.08      | Statistical Mean Reversion | HOLD  
   ┗━ Local Reason: Price trading safely within neutral distribution boundaries.
   🛡️ AI Gateway Status: [IDLE] (No API costs incurred while Local Signal is HOLD)

BNBUSDT    | TRENDING 📈   | 26.03      | Trend-Following Momentum | HOLD  
   ┗━ Local Reason: Trend criteria met but 4H volume below 1.5x 20-MA threshold. Awaiting volume confirmation.
   🛡️ AI Gateway Status: [IDLE] (No API costs incurred while Local Signal is HOLD)

XRPUSDT    | RANGING ↔️   | 14.73      | Statistical Mean Reversion | HOLD  
   ┗━ Local Reason: Price trading safely within neutral distribution boundaries.
   🛡️ AI Gateway Status: [IDLE] (No API costs incurred while Local Signal is HOLD)

ADAUSDT    | RANGING ↔️   | 16.75      | Statistical Mean Reversion | HOLD  
   ┗━ Local Reason: Price trading safely within neutral distribution boundaries.
   🛡️ AI Gateway Status: [IDLE] (No API costs incurred while Local Signal is HOLD)

SUIUSDT    | MIXED 🔄      | 20.50      | Regime Neutral Filter  | HOLD  
   ┗━ Local Reason: ADX signals a mixed, low-conviction environment. Standing aside to protect core capital.
   🛡️ AI Gateway Status: [IDLE] (No API costs incurred while Local Signal is HOLD)

AVAXUSDT   | RANGING ↔️   | 14.84      | Statistical Mean Reversion | HOLD  
   ┗━ Local Reason: Price trading safely within neutral distribution boundaries.
   🛡️ AI Gateway Status: [IDLE] (No API costs incurred while Local Signal is HOLD)

NEARUSDT   | TRENDING 📈   | 52.30      | Trend-Following Momentum | HOLD  
   ┗━ Local Reason: Trend criteria met but 4H volume below 1.5x 20-MA threshold. Awaiting volume confirmation.
   🛡️ AI Gateway Status: [IDLE] (No API costs incurred while Local Signal is HOLD)

APTUSDT    | MIXED 🔄      | 20.02      | Regime Neutral Filter  | HOLD  
   ┗━ Local Reason: ADX signals a mixed, low-conviction environment. Standing aside to protect core capital.
   🛡️ AI Gateway Status: [IDLE] (No API costs incurred while Local Signal is HOLD)

LINKUSDT   | RANGING ↔️   | 18.61      | Statistical Mean Reversion | HOLD  
   ┗━ Local Reason: Price trading safely within neutral distribution boundaries.
   🛡️ AI Gateway Status: [IDLE] (No API costs incurred while Local Signal is HOLD)

RENDERUSDT | MIXED 🔄      | 23.39      | Regime Neutral Filter  | HOLD  
   ┗━ Local Reason: ADX signals a mixed, low-conviction environment. Standing aside to protect core capital.
   🛡️ AI Gateway Status: [IDLE] (No API costs incurred while Local Signal is HOLD)

=========================================================================================
⚠️ Bybit Position query rejected or empty.
🚀 Hermes Production Engine Initializing...
┌─────────────────────────────────────────────────────────────────┐
│ 💰 Bybit USDT Balance: $12.43 USDT
└─────────────────────────────────────────────────────────────────┘
⚠️ Position guard query failed: bybit error [10001]: Missing some parameters that must be filled in, symbol or settleCoin
📊 Active positions in watchlist: 0/5
Analyzing Ingestion Pipeline for BTCUSDT...
Analyzing Ingestion Pipeline for ETHUSDT...
Analyzing Ingestion Pipeline for SOLUSDT...
Analyzing Ingestion Pipeline for BNBUSDT...
Analyzing Ingestion Pipeline for XRPUSDT...
Analyzing Ingestion Pipeline for ADAUSDT...
Analyzing Ingestion Pipeline for SUIUSDT...
Analyzing Ingestion Pipeline for AVAXUSDT...
Analyzing Ingestion Pipeline for NEARUSDT...
Analyzing Ingestion Pipeline for APTUSDT...
Analyzing Ingestion Pipeline for LINKUSDT...
Analyzing Ingestion Pipeline for RENDERUSDT...
Analyzing Ingestion Pipeline for FETUSDT...
⚠️ [FETUSDT] Empty data packet received from exchange — skipping asset.

=========================================================================================
                          HERMES LIVE EXECUTION DASHBOARD                            
=========================================================================================
💰 Live Bybit Balance: $12.43 USDT
=========================================================================================
SYMBOL     | REGIME (1D)  | ADX (1D)   | ACTIVE STRATEGY        | SIGNAL
-----------------------------------------------------------------------------------------
BTCUSDT    | RANGING ↔️   | 19.15      | Statistical Mean Reversion | HOLD  
   ┗━ Local Reason: Price trading safely within neutral distribution boundaries.
   🛡️ AI Gateway Status: [IDLE] (No API costs incurred while Local Signal is HOLD)

ETHUSDT    | TRENDING 📈   | 27.72      | Trend-Following Momentum | HOLD  
   ┗━ Local Reason: Trend is active but asset is in macro consolidation phase.
   🛡️ AI Gateway Status: [IDLE] (No API costs incurred while Local Signal is HOLD)

SOLUSDT    | RANGING ↔️   | 17.08      | Statistical Mean Reversion | HOLD  
   ┗━ Local Reason: Price trading safely within neutral distribution boundaries.
   🛡️ AI Gateway Status: [IDLE] (No API costs incurred while Local Signal is HOLD)

BNBUSDT    | TRENDING 📈   | 26.03      | Trend-Following Momentum | HOLD  
   ┗━ Local Reason: Trend criteria met but 4H volume below 1.5x 20-MA threshold. Awaiting volume confirmation.
   🛡️ AI Gateway Status: [IDLE] (No API costs incurred while Local Signal is HOLD)

XRPUSDT    | RANGING ↔️   | 14.73      | Statistical Mean Reversion | HOLD  
   ┗━ Local Reason: Price trading safely within neutral distribution boundaries.
   🛡️ AI Gateway Status: [IDLE] (No API costs incurred while Local Signal is HOLD)

ADAUSDT    | RANGING ↔️   | 16.75      | Statistical Mean Reversion | HOLD  
   ┗━ Local Reason: Price trading safely within neutral distribution boundaries.
   🛡️ AI Gateway Status: [IDLE] (No API costs incurred while Local Signal is HOLD)

SUIUSDT    | MIXED 🔄      | 20.50      | Regime Neutral Filter  | HOLD  
   ┗━ Local Reason: ADX signals a mixed, low-conviction environment. Standing aside to protect core capital.
   🛡️ AI Gateway Status: [IDLE] (No API costs incurred while Local Signal is HOLD)

AVAXUSDT   | RANGING ↔️   | 14.84      | Statistical Mean Reversion | HOLD  
   ┗━ Local Reason: Price trading safely within neutral distribution boundaries.
   🛡️ AI Gateway Status: [IDLE] (No API costs incurred while Local Signal is HOLD)

NEARUSDT   | TRENDING 📈   | 52.30      | Trend-Following Momentum | HOLD  
   ┗━ Local Reason: Trend criteria met but 4H volume below 1.5x 20-MA threshold. Awaiting volume confirmation.
   🛡️ AI Gateway Status: [IDLE] (No API costs incurred while Local Signal is HOLD)

APTUSDT    | MIXED 🔄      | 20.02      | Regime Neutral Filter  | HOLD  
   ┗━ Local Reason: ADX signals a mixed, low-conviction environment. Standing aside to protect core capital.
   🛡️ AI Gateway Status: [IDLE] (No API costs incurred while Local Signal is HOLD)

LINKUSDT   | RANGING ↔️   | 18.61      | Statistical Mean Reversion | HOLD  
   ┗━ Local Reason: Price trading safely within neutral distribution boundaries.
   🛡️ AI Gateway Status: [IDLE] (No API costs incurred while Local Signal is HOLD)

RENDERUSDT | MIXED 🔄      | 23.39      | Regime Neutral Filter  | HOLD  
   ┗━ Local Reason: ADX signals a mixed, low-conviction environment. Standing aside to protect core capital.
   🛡️ AI Gateway Status: [IDLE] (No API costs incurred while Local Signal is HOLD)

=========================================================================================
⚠️ Bybit Position query rejected or empty.
🚀 Hermes Production Engine Initializing...
┌─────────────────────────────────────────────────────────────────┐
│ 💰 Bybit USDT Balance: $12.23 USDT
└─────────────────────────────────────────────────────────────────┘
⚠️ Position guard query failed: bybit error [10001]: Missing some parameters that must be filled in, symbol or settleCoin
📊 Active positions in watchlist: 0/5
Analyzing Ingestion Pipeline for BTCUSDT...
Analyzing Ingestion Pipeline for ETHUSDT...
Analyzing Ingestion Pipeline for SOLUSDT...
Analyzing Ingestion Pipeline for BNBUSDT...
Analyzing Ingestion Pipeline for XRPUSDT...
Analyzing Ingestion Pipeline for ADAUSDT...
⚠️ Error processing 1D data for ADAUSDT: bybit api returned error: Too many visits. Exceeded the API Rate Limit.
Analyzing Ingestion Pipeline for SUIUSDT...
Analyzing Ingestion Pipeline for AVAXUSDT...
Analyzing Ingestion Pipeline for NEARUSDT...
Analyzing Ingestion Pipeline for APTUSDT...
Analyzing Ingestion Pipeline for LINKUSDT...
⚠️ Error processing 1D data for LINKUSDT: bybit api returned error: Too many visits. Exceeded the API Rate Limit.
Analyzing Ingestion Pipeline for RENDERUSDT...
Analyzing Ingestion Pipeline for FETUSDT...
⚠️ [FETUSDT] Empty data packet received from exchange — skipping asset.

=========================================================================================
                          HERMES LIVE EXECUTION DASHBOARD                            
=========================================================================================
💰 Live Bybit Balance: $12.23 USDT
=========================================================================================
SYMBOL     | REGIME (1D)  | ADX (1D)   | ACTIVE STRATEGY        | SIGNAL
-----------------------------------------------------------------------------------------
BTCUSDT    | RANGING ↔️   | 19.15      | Statistical Mean Reversion | HOLD  
   ┗━ Local Reason: Price trading safely within neutral distribution boundaries.
   🛡️ AI Gateway Status: [IDLE] (No API costs incurred while Local Signal is HOLD)

ETHUSDT    | TRENDING 📈   | 27.72      | Trend-Following Momentum | HOLD  
   ┗━ Local Reason: Trend is active but asset is in macro consolidation phase.
   🛡️ AI Gateway Status: [IDLE] (No API costs incurred while Local Signal is HOLD)

SOLUSDT    | RANGING ↔️   | 17.08      | Statistical Mean Reversion | HOLD  
   ┗━ Local Reason: Price trading safely within neutral distribution boundaries.
   🛡️ AI Gateway Status: [IDLE] (No API costs incurred while Local Signal is HOLD)

BNBUSDT    | TRENDING 📈   | 26.03      | Trend-Following Momentum | HOLD  
   ┗━ Local Reason: Trend criteria met but 4H volume below 1.5x 20-MA threshold. Awaiting volume confirmation.
   🛡️ AI Gateway Status: [IDLE] (No API costs incurred while Local Signal is HOLD)

XRPUSDT    | RANGING ↔️   | 14.73      | Statistical Mean Reversion | HOLD  
   ┗━ Local Reason: Price trading safely within neutral distribution boundaries.
   🛡️ AI Gateway Status: [IDLE] (No API costs incurred while Local Signal is HOLD)

SUIUSDT    | MIXED 🔄      | 20.50      | Regime Neutral Filter  | HOLD  
   ┗━ Local Reason: ADX signals a mixed, low-conviction environment. Standing aside to protect core capital.
   🛡️ AI Gateway Status: [IDLE] (No API costs incurred while Local Signal is HOLD)

AVAXUSDT   | RANGING ↔️   | 14.84      | Statistical Mean Reversion | HOLD  
   ┗━ Local Reason: Price trading safely within neutral distribution boundaries.
   🛡️ AI Gateway Status: [IDLE] (No API costs incurred while Local Signal is HOLD)

NEARUSDT   | TRENDING 📈   | 52.30      | Trend-Following Momentum | HOLD  
   ┗━ Local Reason: Trend criteria met but 4H volume below 1.5x 20-MA threshold. Awaiting volume confirmation.
   🛡️ AI Gateway Status: [IDLE] (No API costs incurred while Local Signal is HOLD)

APTUSDT    | MIXED 🔄      | 20.02      | Regime Neutral Filter  | HOLD  
   ┗━ Local Reason: ADX signals a mixed, low-conviction environment. Standing aside to protect core capital.
   🛡️ AI Gateway Status: [IDLE] (No API costs incurred while Local Signal is HOLD)

RENDERUSDT | MIXED 🔄      | 23.39      | Regime Neutral Filter  | HOLD  
   ┗━ Local Reason: ADX signals a mixed, low-conviction environment. Standing aside to protect core capital.
   🛡️ AI Gateway Status: [IDLE] (No API costs incurred while Local Signal is HOLD)

=========================================================================================
⚠️ Bybit Position query rejected or empty.
🚀 Hermes Production Engine Initializing...
┌─────────────────────────────────────────────────────────────────┐
│ 💰 Bybit USDT Balance: $12.39 USDT
└─────────────────────────────────────────────────────────────────┘
⚠️ Position guard query failed: bybit error [10001]: Missing some parameters that must be filled in, symbol or settleCoin
📊 Active positions in watchlist: 0/5
Analyzing Ingestion Pipeline for BTCUSDT...
Analyzing Ingestion Pipeline for ETHUSDT...
Analyzing Ingestion Pipeline for SOLUSDT...
Analyzing Ingestion Pipeline for BNBUSDT...
Analyzing Ingestion Pipeline for XRPUSDT...
Analyzing Ingestion Pipeline for ADAUSDT...
Analyzing Ingestion Pipeline for SUIUSDT...
Analyzing Ingestion Pipeline for AVAXUSDT...
Analyzing Ingestion Pipeline for NEARUSDT...
Analyzing Ingestion Pipeline for APTUSDT...
Analyzing Ingestion Pipeline for LINKUSDT...
Analyzing Ingestion Pipeline for RENDERUSDT...
Analyzing Ingestion Pipeline for FETUSDT...
⚠️ [FETUSDT] Empty data packet received from exchange — skipping asset.

=========================================================================================
                          HERMES LIVE EXECUTION DASHBOARD                            
=========================================================================================
💰 Live Bybit Balance: $12.39 USDT
=========================================================================================
SYMBOL     | REGIME (1D)  | ADX (1D)   | ACTIVE STRATEGY        | SIGNAL
-----------------------------------------------------------------------------------------
BTCUSDT    | RANGING ↔️   | 19.15      | Statistical Mean Reversion | HOLD  
   ┗━ Local Reason: Price trading safely within neutral distribution boundaries.
   🛡️ AI Gateway Status: [IDLE] (No API costs incurred while Local Signal is HOLD)

ETHUSDT    | TRENDING 📈   | 27.72      | Trend-Following Momentum | HOLD  
   ┗━ Local Reason: Trend is active but asset is in macro consolidation phase.
   🛡️ AI Gateway Status: [IDLE] (No API costs incurred while Local Signal is HOLD)

SOLUSDT    | RANGING ↔️   | 17.08      | Statistical Mean Reversion | HOLD  
   ┗━ Local Reason: Price trading safely within neutral distribution boundaries.
   🛡️ AI Gateway Status: [IDLE] (No API costs incurred while Local Signal is HOLD)

BNBUSDT    | TRENDING 📈   | 26.03      | Trend-Following Momentum | HOLD  
   ┗━ Local Reason: Trend criteria met but 4H volume below 1.5x 20-MA threshold. Awaiting volume confirmation.
   🛡️ AI Gateway Status: [IDLE] (No API costs incurred while Local Signal is HOLD)

XRPUSDT    | RANGING ↔️   | 14.73      | Statistical Mean Reversion | HOLD  
   ┗━ Local Reason: Price trading safely within neutral distribution boundaries.
   🛡️ AI Gateway Status: [IDLE] (No API costs incurred while Local Signal is HOLD)

ADAUSDT    | RANGING ↔️   | 16.75      | Statistical Mean Reversion | HOLD  
   ┗━ Local Reason: Price trading safely within neutral distribution boundaries.
   🛡️ AI Gateway Status: [IDLE] (No API costs incurred while Local Signal is HOLD)

SUIUSDT    | MIXED 🔄      | 20.50      | Regime Neutral Filter  | HOLD  
   ┗━ Local Reason: ADX signals a mixed, low-conviction environment. Standing aside to protect core capital.
   🛡️ AI Gateway Status: [IDLE] (No API costs incurred while Local Signal is HOLD)

AVAXUSDT   | RANGING ↔️   | 14.84      | Statistical Mean Reversion | HOLD  
   ┗━ Local Reason: Price trading safely within neutral distribution boundaries.
   🛡️ AI Gateway Status: [IDLE] (No API costs incurred while Local Signal is HOLD)

NEARUSDT   | TRENDING 📈   | 52.30      | Trend-Following Momentum | HOLD  
   ┗━ Local Reason: Trend criteria met but 4H volume below 1.5x 20-MA threshold. Awaiting volume confirmation.
   🛡️ AI Gateway Status: [IDLE] (No API costs incurred while Local Signal is HOLD)

APTUSDT    | MIXED 🔄      | 20.02      | Regime Neutral Filter  | HOLD  
   ┗━ Local Reason: ADX signals a mixed, low-conviction environment. Standing aside to protect core capital.
   🛡️ AI Gateway Status: [IDLE] (No API costs incurred while Local Signal is HOLD)

LINKUSDT   | RANGING ↔️   | 18.61      | Statistical Mean Reversion | HOLD  
   ┗━ Local Reason: Price trading safely within neutral distribution boundaries.
   🛡️ AI Gateway Status: [IDLE] (No API costs incurred while Local Signal is HOLD)

RENDERUSDT | MIXED 🔄      | 23.39      | Regime Neutral Filter  | HOLD  
   ┗━ Local Reason: ADX signals a mixed, low-conviction environment. Standing aside to protect core capital.
   🛡️ AI Gateway Status: [IDLE] (No API costs incurred while Local Signal is HOLD)

=========================================================================================
⚠️ Bybit Position query rejected or empty.
🚀 Hermes Production Engine Initializing...
┌─────────────────────────────────────────────────────────────────┐
│ 💰 Bybit USDT Balance: $12.52 USDT
└─────────────────────────────────────────────────────────────────┘
⚠️ Position guard query failed: bybit error [10001]: Missing some parameters that must be filled in, symbol or settleCoin
📊 Active positions in watchlist: 0/5
Analyzing Ingestion Pipeline for BTCUSDT...
Analyzing Ingestion Pipeline for ETHUSDT...
Analyzing Ingestion Pipeline for SOLUSDT...
Analyzing Ingestion Pipeline for BNBUSDT...
Analyzing Ingestion Pipeline for XRPUSDT...
Analyzing Ingestion Pipeline for ADAUSDT...
⚠️ Error processing 1D data for ADAUSDT: bybit api returned error: Too many visits. Exceeded the API Rate Limit.
Analyzing Ingestion Pipeline for SUIUSDT...
Analyzing Ingestion Pipeline for AVAXUSDT...
⚠️ Error processing 4H data for AVAXUSDT: bybit api returned error: Too many visits. Exceeded the API Rate Limit.
Analyzing Ingestion Pipeline for NEARUSDT...
⚠️ Error processing 4H data for NEARUSDT: bybit api returned error: Too many visits. Exceeded the API Rate Limit.
Analyzing Ingestion Pipeline for APTUSDT...
Analyzing Ingestion Pipeline for LINKUSDT...
Analyzing Ingestion Pipeline for RENDERUSDT...
⚠️ Error processing 4H data for RENDERUSDT: bybit api returned error: Too many visits. Exceeded the API Rate Limit.
Analyzing Ingestion Pipeline for FETUSDT...
⚠️ Error processing 4H data for FETUSDT: bybit api returned error: Too many visits. Exceeded the API Rate Limit.

=========================================================================================
                          HERMES LIVE EXECUTION DASHBOARD                            
=========================================================================================
💰 Live Bybit Balance: $12.52 USDT
=========================================================================================
SYMBOL     | REGIME (1D)  | ADX (1D)   | ACTIVE STRATEGY        | SIGNAL
-----------------------------------------------------------------------------------------
BTCUSDT    | RANGING ↔️   | 19.15      | Statistical Mean Reversion | HOLD  
   ┗━ Local Reason: Price trading safely within neutral distribution boundaries.
   🛡️ AI Gateway Status: [IDLE] (No API costs incurred while Local Signal is HOLD)

ETHUSDT    | TRENDING 📈   | 27.72      | Trend-Following Momentum | HOLD  
   ┗━ Local Reason: Trend is active but asset is in macro consolidation phase.
   🛡️ AI Gateway Status: [IDLE] (No API costs incurred while Local Signal is HOLD)

SOLUSDT    | RANGING ↔️   | 17.08      | Statistical Mean Reversion | HOLD  
   ┗━ Local Reason: Price trading safely within neutral distribution boundaries.
   🛡️ AI Gateway Status: [IDLE] (No API costs incurred while Local Signal is HOLD)

BNBUSDT    | TRENDING 📈   | 26.03      | Trend-Following Momentum | HOLD  
   ┗━ Local Reason: Trend criteria met but 4H volume below 1.5x 20-MA threshold. Awaiting volume confirmation.
   🛡️ AI Gateway Status: [IDLE] (No API costs incurred while Local Signal is HOLD)

XRPUSDT    | RANGING ↔️   | 14.73      | Statistical Mean Reversion | HOLD  
   ┗━ Local Reason: Price trading safely within neutral distribution boundaries.
   🛡️ AI Gateway Status: [IDLE] (No API costs incurred while Local Signal is HOLD)

SUIUSDT    | MIXED 🔄      | 20.50      | Regime Neutral Filter  | HOLD  
   ┗━ Local Reason: ADX signals a mixed, low-conviction environment. Standing aside to protect core capital.
   🛡️ AI Gateway Status: [IDLE] (No API costs incurred while Local Signal is HOLD)

APTUSDT    | MIXED 🔄      | 20.03      | Regime Neutral Filter  | HOLD  
   ┗━ Local Reason: ADX signals a mixed, low-conviction environment. Standing aside to protect core capital.
   🛡️ AI Gateway Status: [IDLE] (No API costs incurred while Local Signal is HOLD)

LINKUSDT   | RANGING ↔️   | 18.61      | Statistical Mean Reversion | HOLD  
   ┗━ Local Reason: Price trading safely within neutral distribution boundaries.
   🛡️ AI Gateway Status: [IDLE] (No API costs incurred while Local Signal is HOLD)

=========================================================================================
⚠️ Bybit Position query rejected or empty.
🚀 Hermes Production Engine Initializing...
┌─────────────────────────────────────────────────────────────────┐
│ 💰 Bybit USDT Balance: $12.65 USDT
└─────────────────────────────────────────────────────────────────┘
⚠️ Position guard query failed: bybit error [10001]: Missing some parameters that must be filled in, symbol or settleCoin
📊 Active positions in watchlist: 0/5
Analyzing Ingestion Pipeline for BTCUSDT...
Analyzing Ingestion Pipeline for ETHUSDT...
Analyzing Ingestion Pipeline for SOLUSDT...
Analyzing Ingestion Pipeline for BNBUSDT...
Analyzing Ingestion Pipeline for XRPUSDT...
Analyzing Ingestion Pipeline for ADAUSDT...
⚠️ Error processing 4H data for ADAUSDT: bybit api returned error: Too many visits. Exceeded the API Rate Limit.
Analyzing Ingestion Pipeline for SUIUSDT...
Analyzing Ingestion Pipeline for AVAXUSDT...
Analyzing Ingestion Pipeline for NEARUSDT...
Analyzing Ingestion Pipeline for APTUSDT...
Analyzing Ingestion Pipeline for LINKUSDT...
Analyzing Ingestion Pipeline for RENDERUSDT...
Analyzing Ingestion Pipeline for FETUSDT...
⚠️ [FETUSDT] Empty data packet received from exchange — skipping asset.

=========================================================================================
                          HERMES LIVE EXECUTION DASHBOARD                            
=========================================================================================
💰 Live Bybit Balance: $12.65 USDT
=========================================================================================
SYMBOL     | REGIME (1D)  | ADX (1D)   | ACTIVE STRATEGY        | SIGNAL
-----------------------------------------------------------------------------------------
BTCUSDT    | RANGING ↔️   | 19.15      | Statistical Mean Reversion | HOLD  
   ┗━ Local Reason: Price trading safely within neutral distribution boundaries.
   🛡️ AI Gateway Status: [IDLE] (No API costs incurred while Local Signal is HOLD)

ETHUSDT    | TRENDING 📈   | 27.72      | Trend-Following Momentum | HOLD  
   ┗━ Local Reason: Trend is active but asset is in macro consolidation phase.
   🛡️ AI Gateway Status: [IDLE] (No API costs incurred while Local Signal is HOLD)

SOLUSDT    | RANGING ↔️   | 17.08      | Statistical Mean Reversion | HOLD  
   ┗━ Local Reason: Price trading safely within neutral distribution boundaries.
   🛡️ AI Gateway Status: [IDLE] (No API costs incurred while Local Signal is HOLD)

BNBUSDT    | TRENDING 📈   | 26.03      | Trend-Following Momentum | HOLD  
   ┗━ Local Reason: Trend criteria met but 4H volume below 1.5x 20-MA threshold. Awaiting volume confirmation.
   🛡️ AI Gateway Status: [IDLE] (No API costs incurred while Local Signal is HOLD)

XRPUSDT    | RANGING ↔️   | 14.73      | Statistical Mean Reversion | HOLD  
   ┗━ Local Reason: Price trading safely within neutral distribution boundaries.
   🛡️ AI Gateway Status: [IDLE] (No API costs incurred while Local Signal is HOLD)

SUIUSDT    | MIXED 🔄      | 20.50      | Regime Neutral Filter  | HOLD  
   ┗━ Local Reason: ADX signals a mixed, low-conviction environment. Standing aside to protect core capital.
   🛡️ AI Gateway Status: [IDLE] (No API costs incurred while Local Signal is HOLD)

AVAXUSDT   | RANGING ↔️   | 14.84      | Statistical Mean Reversion | HOLD  
   ┗━ Local Reason: Price trading safely within neutral distribution boundaries.
   🛡️ AI Gateway Status: [IDLE] (No API costs incurred while Local Signal is HOLD)

NEARUSDT   | TRENDING 📈   | 52.30      | Trend-Following Momentum | HOLD  
   ┗━ Local Reason: Trend criteria met but 4H volume below 1.5x 20-MA threshold. Awaiting volume confirmation.
   🛡️ AI Gateway Status: [IDLE] (No API costs incurred while Local Signal is HOLD)

APTUSDT    | MIXED 🔄      | 20.03      | Regime Neutral Filter  | HOLD  
   ┗━ Local Reason: ADX signals a mixed, low-conviction environment. Standing aside to protect core capital.
   🛡️ AI Gateway Status: [IDLE] (No API costs incurred while Local Signal is HOLD)

LINKUSDT   | RANGING ↔️   | 18.61      | Statistical Mean Reversion | HOLD  
   ┗━ Local Reason: Price trading safely within neutral distribution boundaries.
   🛡️ AI Gateway Status: [IDLE] (No API costs incurred while Local Signal is HOLD)

RENDERUSDT | MIXED 🔄      | 23.39      | Regime Neutral Filter  | HOLD  
   ┗━ Local Reason: ADX signals a mixed, low-conviction environment. Standing aside to protect core capital.
   🛡️ AI Gateway Status: [IDLE] (No API costs incurred while Local Signal is HOLD)

=========================================================================================
⚠️ Bybit Position query rejected or empty.
🚀 Hermes Production Engine Initializing...
┌─────────────────────────────────────────────────────────────────┐
│ 💰 Bybit USDT Balance: $13.10 USDT
└─────────────────────────────────────────────────────────────────┘
⚠️ Position guard query failed: bybit error [10001]: Missing some parameters that must be filled in, symbol or settleCoin
📊 Active positions in watchlist: 0/5
Analyzing Ingestion Pipeline for BTCUSDT...
Analyzing Ingestion Pipeline for ETHUSDT...
Analyzing Ingestion Pipeline for SOLUSDT...
Analyzing Ingestion Pipeline for BNBUSDT...
Analyzing Ingestion Pipeline for XRPUSDT...
Analyzing Ingestion Pipeline for ADAUSDT...
⚠️ Error processing 4H data for ADAUSDT: bybit api returned error: Too many visits. Exceeded the API Rate Limit.
Analyzing Ingestion Pipeline for SUIUSDT...
Analyzing Ingestion Pipeline for AVAXUSDT...
⚠️ Error processing 1D data for AVAXUSDT: bybit api returned error: Too many visits. Exceeded the API Rate Limit.
Analyzing Ingestion Pipeline for NEARUSDT...
Analyzing Ingestion Pipeline for APTUSDT...
Analyzing Ingestion Pipeline for LINKUSDT...
Analyzing Ingestion Pipeline for RENDERUSDT...
Analyzing Ingestion Pipeline for FETUSDT...
⚠️ [FETUSDT] Empty data packet received from exchange — skipping asset.

=========================================================================================
                          HERMES LIVE EXECUTION DASHBOARD                            
=========================================================================================
💰 Live Bybit Balance: $13.10 USDT
=========================================================================================
SYMBOL     | REGIME (1D)  | ADX (1D)   | ACTIVE STRATEGY        | SIGNAL
-----------------------------------------------------------------------------------------
BTCUSDT    | RANGING ↔️   | 19.15      | Statistical Mean Reversion | HOLD  
   ┗━ Local Reason: Price trading safely within neutral distribution boundaries.
   🛡️ AI Gateway Status: [IDLE] (No API costs incurred while Local Signal is HOLD)

ETHUSDT    | TRENDING 📈   | 27.72      | Trend-Following Momentum | HOLD  
   ┗━ Local Reason: Trend is active but asset is in macro consolidation phase.
   🛡️ AI Gateway Status: [IDLE] (No API costs incurred while Local Signal is HOLD)

SOLUSDT    | RANGING ↔️   | 17.08      | Statistical Mean Reversion | HOLD  
   ┗━ Local Reason: Price trading safely within neutral distribution boundaries.
   🛡️ AI Gateway Status: [IDLE] (No API costs incurred while Local Signal is HOLD)

BNBUSDT    | TRENDING 📈   | 26.03      | Trend-Following Momentum | HOLD  
   ┗━ Local Reason: Trend criteria met but 4H volume below 1.5x 20-MA threshold. Awaiting volume confirmation.
   🛡️ AI Gateway Status: [IDLE] (No API costs incurred while Local Signal is HOLD)

XRPUSDT    | RANGING ↔️   | 14.73      | Statistical Mean Reversion | HOLD  
   ┗━ Local Reason: Price trading safely within neutral distribution boundaries.
   🛡️ AI Gateway Status: [IDLE] (No API costs incurred while Local Signal is HOLD)

SUIUSDT    | MIXED 🔄      | 20.50      | Regime Neutral Filter  | HOLD  
   ┗━ Local Reason: ADX signals a mixed, low-conviction environment. Standing aside to protect core capital.
   🛡️ AI Gateway Status: [IDLE] (No API costs incurred while Local Signal is HOLD)

NEARUSDT   | TRENDING 📈   | 52.30      | Trend-Following Momentum | HOLD  
   ┗━ Local Reason: Trend criteria met but 4H volume below 1.5x 20-MA threshold. Awaiting volume confirmation.
   🛡️ AI Gateway Status: [IDLE] (No API costs incurred while Local Signal is HOLD)

APTUSDT    | MIXED 🔄      | 20.20      | Regime Neutral Filter  | HOLD  
   ┗━ Local Reason: ADX signals a mixed, low-conviction environment. Standing aside to protect core capital.
   🛡️ AI Gateway Status: [IDLE] (No API costs incurred while Local Signal is HOLD)

LINKUSDT   | RANGING ↔️   | 18.67      | Statistical Mean Reversion | HOLD  
   ┗━ Local Reason: Price trading safely within neutral distribution boundaries.
   🛡️ AI Gateway Status: [IDLE] (No API costs incurred while Local Signal is HOLD)

RENDERUSDT | MIXED 🔄      | 23.39      | Regime Neutral Filter  | HOLD  
   ┗━ Local Reason: ADX signals a mixed, low-conviction environment. Standing aside to protect core capital.
   🛡️ AI Gateway Status: [IDLE] (No API costs incurred while Local Signal is HOLD)

=========================================================================================
⚠️ Bybit Position query rejected or empty.
🚀 Hermes Production Engine Initializing...
┌─────────────────────────────────────────────────────────────────┐
│ 💰 Bybit USDT Balance: $12.24 USDT
└─────────────────────────────────────────────────────────────────┘
⚠️ Position guard query failed: bybit error [10001]: Missing some parameters that must be filled in, symbol or settleCoin
📊 Active positions in watchlist: 0/5
Analyzing Ingestion Pipeline for BTCUSDT...
Analyzing Ingestion Pipeline for ETHUSDT...
Analyzing Ingestion Pipeline for SOLUSDT...
Analyzing Ingestion Pipeline for BNBUSDT...
Analyzing Ingestion Pipeline for XRPUSDT...
Analyzing Ingestion Pipeline for ADAUSDT...
Analyzing Ingestion Pipeline for SUIUSDT...
Analyzing Ingestion Pipeline for AVAXUSDT...
Analyzing Ingestion Pipeline for NEARUSDT...
Analyzing Ingestion Pipeline for APTUSDT...
Analyzing Ingestion Pipeline for LINKUSDT...
Analyzing Ingestion Pipeline for RENDERUSDT...
Analyzing Ingestion Pipeline for FETUSDT...
⚠️ [FETUSDT] Empty data packet received from exchange — skipping asset.

=========================================================================================
                          HERMES LIVE EXECUTION DASHBOARD                            
=========================================================================================
💰 Live Bybit Balance: $12.24 USDT
=========================================================================================
SYMBOL     | REGIME (1D)  | ADX (1D)   | ACTIVE STRATEGY        | SIGNAL
-----------------------------------------------------------------------------------------
BTCUSDT    | RANGING ↔️   | 19.15      | Statistical Mean Reversion | HOLD  
   ┗━ Local Reason: Price trading safely within neutral distribution boundaries.
   🛡️ AI Gateway Status: [IDLE] (No API costs incurred while Local Signal is HOLD)

ETHUSDT    | TRENDING 📈   | 27.72      | Trend-Following Momentum | HOLD  
   ┗━ Local Reason: Trend is active but asset is in macro consolidation phase.
   🛡️ AI Gateway Status: [IDLE] (No API costs incurred while Local Signal is HOLD)

SOLUSDT    | RANGING ↔️   | 17.08      | Statistical Mean Reversion | HOLD  
   ┗━ Local Reason: Price trading safely within neutral distribution boundaries.
   🛡️ AI Gateway Status: [IDLE] (No API costs incurred while Local Signal is HOLD)

BNBUSDT    | TRENDING 📈   | 26.03      | Trend-Following Momentum | HOLD  
   ┗━ Local Reason: Trend criteria met but 4H volume below 1.5x 20-MA threshold. Awaiting volume confirmation.
   🛡️ AI Gateway Status: [IDLE] (No API costs incurred while Local Signal is HOLD)

XRPUSDT    | RANGING ↔️   | 14.73      | Statistical Mean Reversion | HOLD  
   ┗━ Local Reason: Price trading safely within neutral distribution boundaries.
   🛡️ AI Gateway Status: [IDLE] (No API costs incurred while Local Signal is HOLD)

ADAUSDT    | RANGING ↔️   | 16.75      | Statistical Mean Reversion | HOLD  
   ┗━ Local Reason: Price trading safely within neutral distribution boundaries.
   🛡️ AI Gateway Status: [IDLE] (No API costs incurred while Local Signal is HOLD)

SUIUSDT    | MIXED 🔄      | 20.50      | Regime Neutral Filter  | HOLD  
   ┗━ Local Reason: ADX signals a mixed, low-conviction environment. Standing aside to protect core capital.
   🛡️ AI Gateway Status: [IDLE] (No API costs incurred while Local Signal is HOLD)

AVAXUSDT   | RANGING ↔️   | 14.84      | Statistical Mean Reversion | HOLD  
   ┗━ Local Reason: Price trading safely within neutral distribution boundaries.
   🛡️ AI Gateway Status: [IDLE] (No API costs incurred while Local Signal is HOLD)

NEARUSDT   | TRENDING 📈   | 52.30      | Trend-Following Momentum | HOLD  
   ┗━ Local Reason: Trend criteria met but 4H volume below 1.5x 20-MA threshold. Awaiting volume confirmation.
   🛡️ AI Gateway Status: [IDLE] (No API costs incurred while Local Signal is HOLD)

APTUSDT    | MIXED 🔄      | 20.20      | Regime Neutral Filter  | HOLD  
   ┗━ Local Reason: ADX signals a mixed, low-conviction environment. Standing aside to protect core capital.
   🛡️ AI Gateway Status: [IDLE] (No API costs incurred while Local Signal is HOLD)

LINKUSDT   | RANGING ↔️   | 18.67      | Statistical Mean Reversion | HOLD  
   ┗━ Local Reason: Price trading safely within neutral distribution boundaries.
   🛡️ AI Gateway Status: [IDLE] (No API costs incurred while Local Signal is HOLD)

RENDERUSDT | MIXED 🔄      | 23.43      | Regime Neutral Filter  | HOLD  
   ┗━ Local Reason: ADX signals a mixed, low-conviction environment. Standing aside to protect core capital.
   🛡️ AI Gateway Status: [IDLE] (No API costs incurred while Local Signal is HOLD)

=========================================================================================
⚠️ Bybit Position query rejected or empty.
🚀 Hermes Production Engine Initializing...
┌─────────────────────────────────────────────────────────────────┐
│ 💰 Bybit USDT Balance: $12.44 USDT
└─────────────────────────────────────────────────────────────────┘
⚠️ Position guard query failed: bybit error [10001]: Missing some parameters that must be filled in, symbol or settleCoin
📊 Active positions in watchlist: 0/5
Analyzing Ingestion Pipeline for BTCUSDT...
Analyzing Ingestion Pipeline for ETHUSDT...
Analyzing Ingestion Pipeline for SOLUSDT...
Analyzing Ingestion Pipeline for BNBUSDT...
Analyzing Ingestion Pipeline for XRPUSDT...
⚠️ Error processing 4H data for XRPUSDT: bybit api returned error: Too many visits. Exceeded the API Rate Limit.
Analyzing Ingestion Pipeline for ADAUSDT...
⚠️ Error processing 1D data for ADAUSDT: bybit api returned error: Too many visits. Exceeded the API Rate Limit.
Analyzing Ingestion Pipeline for SUIUSDT...
⚠️ Error processing 4H data for SUIUSDT: bybit api returned error: Too many visits. Exceeded the API Rate Limit.
Analyzing Ingestion Pipeline for AVAXUSDT...
Analyzing Ingestion Pipeline for NEARUSDT...
Analyzing Ingestion Pipeline for APTUSDT...
Analyzing Ingestion Pipeline for LINKUSDT...
Analyzing Ingestion Pipeline for RENDERUSDT...
Analyzing Ingestion Pipeline for FETUSDT...
⚠️ Error processing 4H data for FETUSDT: bybit api returned error: Too many visits. Exceeded the API Rate Limit.

=========================================================================================
                          HERMES LIVE EXECUTION DASHBOARD                            
=========================================================================================
💰 Live Bybit Balance: $12.44 USDT
=========================================================================================
SYMBOL     | REGIME (1D)  | ADX (1D)   | ACTIVE STRATEGY        | SIGNAL
-----------------------------------------------------------------------------------------
BTCUSDT    | RANGING ↔️   | 19.15      | Statistical Mean Reversion | HOLD  
   ┗━ Local Reason: Price trading safely within neutral distribution boundaries.
   🛡️ AI Gateway Status: [IDLE] (No API costs incurred while Local Signal is HOLD)

ETHUSDT    | TRENDING 📈   | 27.72      | Trend-Following Momentum | HOLD  
   ┗━ Local Reason: Trend is active but asset is in macro consolidation phase.
   🛡️ AI Gateway Status: [IDLE] (No API costs incurred while Local Signal is HOLD)

SOLUSDT    | RANGING ↔️   | 17.08      | Statistical Mean Reversion | HOLD  
   ┗━ Local Reason: Price trading safely within neutral distribution boundaries.
   🛡️ AI Gateway Status: [IDLE] (No API costs incurred while Local Signal is HOLD)

BNBUSDT    | TRENDING 📈   | 26.03      | Trend-Following Momentum | HOLD  
   ┗━ Local Reason: Trend criteria met but 4H volume below 1.5x 20-MA threshold. Awaiting volume confirmation.
   🛡️ AI Gateway Status: [IDLE] (No API costs incurred while Local Signal is HOLD)

AVAXUSDT   | RANGING ↔️   | 14.84      | Statistical Mean Reversion | HOLD  
   ┗━ Local Reason: Price trading safely within neutral distribution boundaries.
   🛡️ AI Gateway Status: [IDLE] (No API costs incurred while Local Signal is HOLD)

NEARUSDT   | TRENDING 📈   | 52.30      | Trend-Following Momentum | HOLD  
   ┗━ Local Reason: Trend criteria met but 4H volume below 1.5x 20-MA threshold. Awaiting volume confirmation.
   🛡️ AI Gateway Status: [IDLE] (No API costs incurred while Local Signal is HOLD)

APTUSDT    | MIXED 🔄      | 20.20      | Regime Neutral Filter  | HOLD  
   ┗━ Local Reason: ADX signals a mixed, low-conviction environment. Standing aside to protect core capital.
   🛡️ AI Gateway Status: [IDLE] (No API costs incurred while Local Signal is HOLD)

LINKUSDT   | RANGING ↔️   | 18.67      | Statistical Mean Reversion | HOLD  
   ┗━ Local Reason: Price trading safely within neutral distribution boundaries.
   🛡️ AI Gateway Status: [IDLE] (No API costs incurred while Local Signal is HOLD)

RENDERUSDT | MIXED 🔄      | 23.43      | Regime Neutral Filter  | HOLD  
   ┗━ Local Reason: ADX signals a mixed, low-conviction environment. Standing aside to protect core capital.
   🛡️ AI Gateway Status: [IDLE] (No API costs incurred while Local Signal is HOLD)

=========================================================================================
⚠️ Bybit Position query rejected or empty.
🚀 Hermes Production Engine Initializing...
┌─────────────────────────────────────────────────────────────────┐
│ 💰 Bybit USDT Balance: $12.49 USDT
└─────────────────────────────────────────────────────────────────┘
⚠️ Position guard query failed: bybit error [10001]: Missing some parameters that must be filled in, symbol or settleCoin
📊 Active positions in watchlist: 0/5
Analyzing Ingestion Pipeline for BTCUSDT...
Analyzing Ingestion Pipeline for ETHUSDT...
Analyzing Ingestion Pipeline for SOLUSDT...
Analyzing Ingestion Pipeline for BNBUSDT...
Analyzing Ingestion Pipeline for XRPUSDT...
Analyzing Ingestion Pipeline for ADAUSDT...
Analyzing Ingestion Pipeline for SUIUSDT...
Analyzing Ingestion Pipeline for AVAXUSDT...
Analyzing Ingestion Pipeline for NEARUSDT...
Analyzing Ingestion Pipeline for APTUSDT...
Analyzing Ingestion Pipeline for LINKUSDT...
Analyzing Ingestion Pipeline for RENDERUSDT...
Analyzing Ingestion Pipeline for FETUSDT...
⚠️ [FETUSDT] Empty data packet received from exchange — skipping asset.

=========================================================================================
                          HERMES LIVE EXECUTION DASHBOARD                            
=========================================================================================
💰 Live Bybit Balance: $12.49 USDT
=========================================================================================
SYMBOL     | REGIME (1D)  | ADX (1D)   | ACTIVE STRATEGY        | SIGNAL
-----------------------------------------------------------------------------------------
BTCUSDT    | RANGING ↔️   | 19.15      | Statistical Mean Reversion | HOLD  
   ┗━ Local Reason: Price trading safely within neutral distribution boundaries.
   🛡️ AI Gateway Status: [IDLE] (No API costs incurred while Local Signal is HOLD)

ETHUSDT    | TRENDING 📈   | 27.72      | Trend-Following Momentum | HOLD  
   ┗━ Local Reason: Trend is active but asset is in macro consolidation phase.
   🛡️ AI Gateway Status: [IDLE] (No API costs incurred while Local Signal is HOLD)

SOLUSDT    | RANGING ↔️   | 17.08      | Statistical Mean Reversion | HOLD  
   ┗━ Local Reason: Price trading safely within neutral distribution boundaries.
   🛡️ AI Gateway Status: [IDLE] (No API costs incurred while Local Signal is HOLD)

BNBUSDT    | TRENDING 📈   | 26.03      | Trend-Following Momentum | HOLD  
   ┗━ Local Reason: Trend criteria met but 4H volume below 1.5x 20-MA threshold. Awaiting volume confirmation.
   🛡️ AI Gateway Status: [IDLE] (No API costs incurred while Local Signal is HOLD)

XRPUSDT    | RANGING ↔️   | 14.73      | Statistical Mean Reversion | HOLD  
   ┗━ Local Reason: Price trading safely within neutral distribution boundaries.
   🛡️ AI Gateway Status: [IDLE] (No API costs incurred while Local Signal is HOLD)

ADAUSDT    | RANGING ↔️   | 16.75      | Statistical Mean Reversion | HOLD  
   ┗━ Local Reason: Price trading safely within neutral distribution boundaries.
   🛡️ AI Gateway Status: [IDLE] (No API costs incurred while Local Signal is HOLD)

SUIUSDT    | MIXED 🔄      | 20.50      | Regime Neutral Filter  | HOLD  
   ┗━ Local Reason: ADX signals a mixed, low-conviction environment. Standing aside to protect core capital.
   🛡️ AI Gateway Status: [IDLE] (No API costs incurred while Local Signal is HOLD)

AVAXUSDT   | RANGING ↔️   | 14.84      | Statistical Mean Reversion | HOLD  
   ┗━ Local Reason: Price trading safely within neutral distribution boundaries.
   🛡️ AI Gateway Status: [IDLE] (No API costs incurred while Local Signal is HOLD)

NEARUSDT   | TRENDING 📈   | 52.30      | Trend-Following Momentum | HOLD  
   ┗━ Local Reason: Trend criteria met but 4H volume below 1.5x 20-MA threshold. Awaiting volume confirmation.
   🛡️ AI Gateway Status: [IDLE] (No API costs incurred while Local Signal is HOLD)

APTUSDT    | MIXED 🔄      | 20.20      | Regime Neutral Filter  | HOLD  
   ┗━ Local Reason: ADX signals a mixed, low-conviction environment. Standing aside to protect core capital.
   🛡️ AI Gateway Status: [IDLE] (No API costs incurred while Local Signal is HOLD)

LINKUSDT   | RANGING ↔️   | 18.67      | Statistical Mean Reversion | HOLD  
   ┗━ Local Reason: Price trading safely within neutral distribution boundaries.
   🛡️ AI Gateway Status: [IDLE] (No API costs incurred while Local Signal is HOLD)

RENDERUSDT | MIXED 🔄      | 23.43      | Regime Neutral Filter  | HOLD  
   ┗━ Local Reason: ADX signals a mixed, low-conviction environment. Standing aside to protect core capital.
   🛡️ AI Gateway Status: [IDLE] (No API costs incurred while Local Signal is HOLD)

=========================================================================================
⚠️ Bybit Position query rejected or empty.
🚀 Hermes Production Engine Initializing...
┌─────────────────────────────────────────────────────────────────┐
│ 💰 Bybit USDT Balance: $12.24 USDT
└─────────────────────────────────────────────────────────────────┘
⚠️ Position guard query failed: bybit error [10001]: Missing some parameters that must be filled in, symbol or settleCoin
📊 Active positions in watchlist: 0/5
Analyzing Ingestion Pipeline for BTCUSDT...
Analyzing Ingestion Pipeline for ETHUSDT...
Analyzing Ingestion Pipeline for SOLUSDT...
Analyzing Ingestion Pipeline for BNBUSDT...
Analyzing Ingestion Pipeline for XRPUSDT...
Analyzing Ingestion Pipeline for ADAUSDT...
Analyzing Ingestion Pipeline for SUIUSDT...
Analyzing Ingestion Pipeline for AVAXUSDT...
Analyzing Ingestion Pipeline for NEARUSDT...
Analyzing Ingestion Pipeline for APTUSDT...
Analyzing Ingestion Pipeline for LINKUSDT...
⚠️ Error processing 4H data for LINKUSDT: bybit api returned error: Too many visits. Exceeded the API Rate Limit.
Analyzing Ingestion Pipeline for RENDERUSDT...
Analyzing Ingestion Pipeline for FETUSDT...
⚠️ Error processing 4H data for FETUSDT: bybit api returned error: Too many visits. Exceeded the API Rate Limit.

=========================================================================================
                          HERMES LIVE EXECUTION DASHBOARD                            
=========================================================================================
💰 Live Bybit Balance: $12.24 USDT
=========================================================================================
SYMBOL     | REGIME (1D)  | ADX (1D)   | ACTIVE STRATEGY        | SIGNAL
-----------------------------------------------------------------------------------------
BTCUSDT    | RANGING ↔️   | 19.15      | Statistical Mean Reversion | HOLD  
   ┗━ Local Reason: Price trading safely within neutral distribution boundaries.
   🛡️ AI Gateway Status: [IDLE] (No API costs incurred while Local Signal is HOLD)

ETHUSDT    | TRENDING 📈   | 27.72      | Trend-Following Momentum | SELL  
   ┗━ Local Reason: Price broken below major 20 EMA threshold or momentum fully collapsed.
SOLUSDT    | RANGING ↔️   | 17.08      | Statistical Mean Reversion | HOLD  
   ┗━ Local Reason: Price trading safely within neutral distribution boundaries.
   🛡️ AI Gateway Status: [IDLE] (No API costs incurred while Local Signal is HOLD)

BNBUSDT    | TRENDING 📈   | 26.03      | Trend-Following Momentum | BUY   
   ┗━ Local Reason: Price above EMA20, Golden Cross intact, RSI strong, and 4H volume surge confirms momentum.
   📊 7-Day Strength: +3.30%
XRPUSDT    | RANGING ↔️   | 14.73      | Statistical Mean Reversion | HOLD  
   ┗━ Local Reason: Price trading safely within neutral distribution boundaries.
   🛡️ AI Gateway Status: [IDLE] (No API costs incurred while Local Signal is HOLD)

ADAUSDT    | RANGING ↔️   | 16.75      | Statistical Mean Reversion | HOLD  
   ┗━ Local Reason: Price trading safely within neutral distribution boundaries.
   🛡️ AI Gateway Status: [IDLE] (No API costs incurred while Local Signal is HOLD)

SUIUSDT    | MIXED 🔄      | 20.50      | Regime Neutral Filter  | HOLD  
   ┗━ Local Reason: ADX signals a mixed, low-conviction environment. Standing aside to protect core capital.
   🛡️ AI Gateway Status: [IDLE] (No API costs incurred while Local Signal is HOLD)

AVAXUSDT   | RANGING ↔️   | 14.84      | Statistical Mean Reversion | HOLD  
   ┗━ Local Reason: Price trading safely within neutral distribution boundaries.
   🛡️ AI Gateway Status: [IDLE] (No API costs incurred while Local Signal is HOLD)

NEARUSDT   | TRENDING 📈   | 52.30      | Trend-Following Momentum | BUY   
   ┗━ Local Reason: Price above EMA20, Golden Cross intact, RSI strong, and 4H volume surge confirms momentum.
   📊 7-Day Strength: +74.75%
APTUSDT    | MIXED 🔄      | 20.20      | Regime Neutral Filter  | HOLD  
   ┗━ Local Reason: ADX signals a mixed, low-conviction environment. Standing aside to protect core capital.
   🛡️ AI Gateway Status: [IDLE] (No API costs incurred while Local Signal is HOLD)

RENDERUSDT | MIXED 🔄      | 23.43      | Regime Neutral Filter  | HOLD  
   ┗━ Local Reason: ADX signals a mixed, low-conviction environment. Standing aside to protect core capital.
   🛡️ AI Gateway Status: [IDLE] (No API costs incurred while Local Signal is HOLD)


💡 [NEARUSDT] Active trade setup found! Initiating OpenRouter AI Verification layer...
   🤖 AI VERDICT: [REJECTED] (Confidence: 0.80)
   🤖 AI Reason: The RSI is in the overbought territory, indicating a potential reversal or pullback, which is unfavorable for a trend-following momentum strategy.
   🛡️ Signal REJECTED by AI risk layer. Order routing halted.

💡 [BNBUSDT] Active trade setup found! Initiating OpenRouter AI Verification layer...
   🤖 AI VERDICT: [REJECTED] (Confidence: 0.80)
   🤖 AI Reason: The RSI is too low for a strong momentum-based buy signal in a trending regime.
   🛡️ Signal REJECTED by AI risk layer. Order routing halted.

=========================================================================================
⚠️ Bybit Position query rejected or empty.
🚀 Hermes Production Engine Initializing...
┌─────────────────────────────────────────────────────────────────┐
│ 💰 Bybit USDT Balance: $12.05 USDT
└─────────────────────────────────────────────────────────────────┘
⚠️ Position guard query failed: bybit error [10001]: Missing some parameters that must be filled in, symbol or settleCoin
📊 Active positions in watchlist: 0/5
Analyzing Ingestion Pipeline for BTCUSDT...
Analyzing Ingestion Pipeline for ETHUSDT...
Analyzing Ingestion Pipeline for SOLUSDT...
Analyzing Ingestion Pipeline for BNBUSDT...
Analyzing Ingestion Pipeline for XRPUSDT...
Analyzing Ingestion Pipeline for ADAUSDT...
Analyzing Ingestion Pipeline for SUIUSDT...
Analyzing Ingestion Pipeline for AVAXUSDT...
Analyzing Ingestion Pipeline for NEARUSDT...
Analyzing Ingestion Pipeline for APTUSDT...
Analyzing Ingestion Pipeline for LINKUSDT...
Analyzing Ingestion Pipeline for RENDERUSDT...
Analyzing Ingestion Pipeline for FETUSDT...
⚠️ [FETUSDT] Empty data packet received from exchange — skipping asset.

=========================================================================================
                          HERMES LIVE EXECUTION DASHBOARD                            
=========================================================================================
💰 Live Bybit Balance: $12.05 USDT
=========================================================================================
SYMBOL     | REGIME (1D)  | ADX (1D)   | ACTIVE STRATEGY        | SIGNAL
-----------------------------------------------------------------------------------------
BTCUSDT    | RANGING ↔️   | 19.25      | Statistical Mean Reversion | HOLD  
   ┗━ Local Reason: Price trading safely within neutral distribution boundaries.
   🛡️ AI Gateway Status: [IDLE] (No API costs incurred while Local Signal is HOLD)

ETHUSDT    | TRENDING 📈   | 27.72      | Trend-Following Momentum | SELL  
   ┗━ Local Reason: Price broken below major 20 EMA threshold or momentum fully collapsed.
SOLUSDT    | RANGING ↔️   | 17.08      | Statistical Mean Reversion | HOLD  
   ┗━ Local Reason: Price trading safely within neutral distribution boundaries.
   🛡️ AI Gateway Status: [IDLE] (No API costs incurred while Local Signal is HOLD)

BNBUSDT    | TRENDING 📈   | 26.03      | Trend-Following Momentum | BUY   
   ┗━ Local Reason: Price above EMA20, Golden Cross intact, RSI strong, and 4H volume surge confirms momentum.
   📊 7-Day Strength: +3.10%
XRPUSDT    | RANGING ↔️   | 14.73      | Statistical Mean Reversion | HOLD  
   ┗━ Local Reason: Price trading safely within neutral distribution boundaries.
   🛡️ AI Gateway Status: [IDLE] (No API costs incurred while Local Signal is HOLD)

ADAUSDT    | RANGING ↔️   | 16.75      | Statistical Mean Reversion | HOLD  
   ┗━ Local Reason: Price trading safely within neutral distribution boundaries.
   🛡️ AI Gateway Status: [IDLE] (No API costs incurred while Local Signal is HOLD)

SUIUSDT    | MIXED 🔄      | 20.50      | Regime Neutral Filter  | HOLD  
   ┗━ Local Reason: ADX signals a mixed, low-conviction environment. Standing aside to protect core capital.
   🛡️ AI Gateway Status: [IDLE] (No API costs incurred while Local Signal is HOLD)

AVAXUSDT   | RANGING ↔️   | 14.84      | Statistical Mean Reversion | HOLD  
   ┗━ Local Reason: Price trading safely within neutral distribution boundaries.
   🛡️ AI Gateway Status: [IDLE] (No API costs incurred while Local Signal is HOLD)

NEARUSDT   | TRENDING 📈   | 52.30      | Trend-Following Momentum | BUY   
   ┗━ Local Reason: Price above EMA20, Golden Cross intact, RSI strong, and 4H volume surge confirms momentum.
   📊 7-Day Strength: +72.80%
APTUSDT    | MIXED 🔄      | 20.20      | Regime Neutral Filter  | HOLD  
   ┗━ Local Reason: ADX signals a mixed, low-conviction environment. Standing aside to protect core capital.
   🛡️ AI Gateway Status: [IDLE] (No API costs incurred while Local Signal is HOLD)

LINKUSDT   | RANGING ↔️   | 18.67      | Statistical Mean Reversion | HOLD  
   ┗━ Local Reason: Price trading safely within neutral distribution boundaries.
   🛡️ AI Gateway Status: [IDLE] (No API costs incurred while Local Signal is HOLD)

RENDERUSDT | MIXED 🔄      | 23.43      | Regime Neutral Filter  | HOLD  
   ┗━ Local Reason: ADX signals a mixed, low-conviction environment. Standing aside to protect core capital.
   🛡️ AI Gateway Status: [IDLE] (No API costs incurred while Local Signal is HOLD)


💡 [NEARUSDT] Active trade setup found! Initiating OpenRouter AI Verification layer...
   🤖 AI VERDICT: [REJECTED] (Confidence: 0.80)
   🤖 AI Reason: RSI is in overbought territory, indicating potential for a price reversal or correction.
   🛡️ Signal REJECTED by AI risk layer. Order routing halted.

💡 [BNBUSDT] Active trade setup found! Initiating OpenRouter AI Verification layer...
   🤖 AI VERDICT: [REJECTED] (Confidence: 0.70)
   🤖 AI Reason: RSI is too low for a strong momentum trend-following BUY signal.
   🛡️ Signal REJECTED by AI risk layer. Order routing halted.

=========================================================================================
⚠️ Bybit Position query rejected or empty.
🚀 Hermes Production Engine Initializing...
┌─────────────────────────────────────────────────────────────────┐
│ 💰 Bybit USDT Balance: $12.09 USDT
└─────────────────────────────────────────────────────────────────┘
⚠️ Position guard query failed: bybit error [10001]: Missing some parameters that must be filled in, symbol or settleCoin
📊 Active positions in watchlist: 0/5
Analyzing Ingestion Pipeline for BTCUSDT...
Analyzing Ingestion Pipeline for ETHUSDT...
Analyzing Ingestion Pipeline for SOLUSDT...
Analyzing Ingestion Pipeline for BNBUSDT...
⚠️ Error processing 4H data for BNBUSDT: bybit api returned error: Too many visits. Exceeded the API Rate Limit.
Analyzing Ingestion Pipeline for XRPUSDT...
⚠️ Error processing 1D data for XRPUSDT: bybit api returned error: Too many visits. Exceeded the API Rate Limit.
Analyzing Ingestion Pipeline for ADAUSDT...
⚠️ Error processing 4H data for ADAUSDT: bybit api returned error: Too many visits. Exceeded the API Rate Limit.
Analyzing Ingestion Pipeline for SUIUSDT...
Analyzing Ingestion Pipeline for AVAXUSDT...
⚠️ Error processing 4H data for AVAXUSDT: bybit api returned error: Too many visits. Exceeded the API Rate Limit.
Analyzing Ingestion Pipeline for NEARUSDT...
Analyzing Ingestion Pipeline for APTUSDT...
⚠️ Error processing 1D data for APTUSDT: bybit api returned error: Too many visits. Exceeded the API Rate Limit.
Analyzing Ingestion Pipeline for LINKUSDT...
⚠️ Error processing 4H data for LINKUSDT: bybit api returned error: Too many visits. Exceeded the API Rate Limit.
Analyzing Ingestion Pipeline for RENDERUSDT...
Analyzing Ingestion Pipeline for FETUSDT...
⚠️ Error processing 1D data for FETUSDT: bybit api returned error: Too many visits. Exceeded the API Rate Limit.

=========================================================================================
                          HERMES LIVE EXECUTION DASHBOARD                            
=========================================================================================
💰 Live Bybit Balance: $12.09 USDT
=========================================================================================
SYMBOL     | REGIME (1D)  | ADX (1D)   | ACTIVE STRATEGY        | SIGNAL
-----------------------------------------------------------------------------------------
BTCUSDT    | RANGING ↔️   | 19.29      | Statistical Mean Reversion | HOLD  
   ┗━ Local Reason: Price trading safely within neutral distribution boundaries.
   🛡️ AI Gateway Status: [IDLE] (No API costs incurred while Local Signal is HOLD)

ETHUSDT    | TRENDING 📈   | 27.80      | Trend-Following Momentum | SELL  
   ┗━ Local Reason: Price broken below major 20 EMA threshold or momentum fully collapsed.
SOLUSDT    | RANGING ↔️   | 17.08      | Statistical Mean Reversion | HOLD  
   ┗━ Local Reason: Price trading safely within neutral distribution boundaries.
   🛡️ AI Gateway Status: [IDLE] (No API costs incurred while Local Signal is HOLD)

SUIUSDT    | MIXED 🔄      | 20.50      | Regime Neutral Filter  | HOLD  
   ┗━ Local Reason: ADX signals a mixed, low-conviction environment. Standing aside to protect core capital.
   🛡️ AI Gateway Status: [IDLE] (No API costs incurred while Local Signal is HOLD)

NEARUSDT   | TRENDING 📈   | 52.30      | Trend-Following Momentum | HOLD  
   ┗━ Local Reason: Trend criteria met but 4H volume below 1.5x 20-MA threshold. Awaiting volume confirmation.
   🛡️ AI Gateway Status: [IDLE] (No API costs incurred while Local Signal is HOLD)

RENDERUSDT | MIXED 🔄      | 23.43      | Regime Neutral Filter  | HOLD  
   ┗━ Local Reason: ADX signals a mixed, low-conviction environment. Standing aside to protect core capital.
   🛡️ AI Gateway Status: [IDLE] (No API costs incurred while Local Signal is HOLD)

=========================================================================================
⚠️ Bybit Position query rejected or empty.
🚀 Hermes Production Engine Initializing...
┌─────────────────────────────────────────────────────────────────┐
│ 💰 Bybit USDT Balance: $11.86 USDT
└─────────────────────────────────────────────────────────────────┘
⚠️ Position guard query failed: bybit error [10001]: Missing some parameters that must be filled in, symbol or settleCoin
📊 Active positions in watchlist: 0/5
Analyzing Ingestion Pipeline for BTCUSDT...
Analyzing Ingestion Pipeline for ETHUSDT...
Analyzing Ingestion Pipeline for SOLUSDT...
Analyzing Ingestion Pipeline for BNBUSDT...
Analyzing Ingestion Pipeline for XRPUSDT...
Analyzing Ingestion Pipeline for ADAUSDT...
⚠️ Error processing 1D data for ADAUSDT: bybit api returned error: Too many visits. Exceeded the API Rate Limit.
Analyzing Ingestion Pipeline for SUIUSDT...
Analyzing Ingestion Pipeline for AVAXUSDT...
Analyzing Ingestion Pipeline for NEARUSDT...
Analyzing Ingestion Pipeline for APTUSDT...
Analyzing Ingestion Pipeline for LINKUSDT...
Analyzing Ingestion Pipeline for RENDERUSDT...
Analyzing Ingestion Pipeline for FETUSDT...
⚠️ [FETUSDT] Empty data packet received from exchange — skipping asset.

=========================================================================================
                          HERMES LIVE EXECUTION DASHBOARD                            
=========================================================================================
💰 Live Bybit Balance: $11.86 USDT
=========================================================================================
SYMBOL     | REGIME (1D)  | ADX (1D)   | ACTIVE STRATEGY        | SIGNAL
-----------------------------------------------------------------------------------------
BTCUSDT    | RANGING ↔️   | 19.33      | Statistical Mean Reversion | HOLD  
   ┗━ Local Reason: Price trading safely within neutral distribution boundaries.
   🛡️ AI Gateway Status: [IDLE] (No API costs incurred while Local Signal is HOLD)

ETHUSDT    | TRENDING 📈   | 27.85      | Trend-Following Momentum | SELL  
   ┗━ Local Reason: Price broken below major 20 EMA threshold or momentum fully collapsed.
SOLUSDT    | RANGING ↔️   | 17.08      | Statistical Mean Reversion | HOLD  
   ┗━ Local Reason: Price trading safely within neutral distribution boundaries.
   🛡️ AI Gateway Status: [IDLE] (No API costs incurred while Local Signal is HOLD)

BNBUSDT    | TRENDING 📈   | 26.03      | Trend-Following Momentum | SELL  
   ┗━ Local Reason: Price broken below major 20 EMA threshold or momentum fully collapsed.
XRPUSDT    | RANGING ↔️   | 14.73      | Statistical Mean Reversion | HOLD  
   ┗━ Local Reason: Price trading safely within neutral distribution boundaries.
   🛡️ AI Gateway Status: [IDLE] (No API costs incurred while Local Signal is HOLD)

SUIUSDT    | MIXED 🔄      | 20.48      | Regime Neutral Filter  | HOLD  
   ┗━ Local Reason: ADX signals a mixed, low-conviction environment. Standing aside to protect core capital.
   🛡️ AI Gateway Status: [IDLE] (No API costs incurred while Local Signal is HOLD)

AVAXUSDT   | RANGING ↔️   | 14.84      | Statistical Mean Reversion | HOLD  
   ┗━ Local Reason: Price trading safely within neutral distribution boundaries.
   🛡️ AI Gateway Status: [IDLE] (No API costs incurred while Local Signal is HOLD)

NEARUSDT   | TRENDING 📈   | 52.30      | Trend-Following Momentum | HOLD  
   ┗━ Local Reason: Trend criteria met but 4H volume below 1.5x 20-MA threshold. Awaiting volume confirmation.
   🛡️ AI Gateway Status: [IDLE] (No API costs incurred while Local Signal is HOLD)

APTUSDT    | MIXED 🔄      | 20.20      | Regime Neutral Filter  | HOLD  
   ┗━ Local Reason: ADX signals a mixed, low-conviction environment. Standing aside to protect core capital.
   🛡️ AI Gateway Status: [IDLE] (No API costs incurred while Local Signal is HOLD)

LINKUSDT   | RANGING ↔️   | 18.67      | Statistical Mean Reversion | HOLD  
   ┗━ Local Reason: Price trading safely within neutral distribution boundaries.
   🛡️ AI Gateway Status: [IDLE] (No API costs incurred while Local Signal is HOLD)

RENDERUSDT | MIXED 🔄      | 23.43      | Regime Neutral Filter  | HOLD  
   ┗━ Local Reason: ADX signals a mixed, low-conviction environment. Standing aside to protect core capital.
   🛡️ AI Gateway Status: [IDLE] (No API costs incurred while Local Signal is HOLD)

=========================================================================================
⚠️ Bybit Position query rejected or empty.
🚀 Hermes Production Engine Initializing...
┌─────────────────────────────────────────────────────────────────┐
│ 💰 Bybit USDT Balance: $12.08 USDT
└─────────────────────────────────────────────────────────────────┘
⚠️ Position guard query failed: bybit error [10001]: Missing some parameters that must be filled in, symbol or settleCoin
📊 Active positions in watchlist: 0/5
Analyzing Ingestion Pipeline for BTCUSDT...
Analyzing Ingestion Pipeline for ETHUSDT...
Analyzing Ingestion Pipeline for SOLUSDT...
Analyzing Ingestion Pipeline for BNBUSDT...
Analyzing Ingestion Pipeline for XRPUSDT...
Analyzing Ingestion Pipeline for ADAUSDT...
Analyzing Ingestion Pipeline for SUIUSDT...
Analyzing Ingestion Pipeline for AVAXUSDT...
Analyzing Ingestion Pipeline for NEARUSDT...
Analyzing Ingestion Pipeline for APTUSDT...
Analyzing Ingestion Pipeline for LINKUSDT...
Analyzing Ingestion Pipeline for RENDERUSDT...
Analyzing Ingestion Pipeline for FETUSDT...
⚠️ [FETUSDT] Empty data packet received from exchange — skipping asset.

=========================================================================================
                          HERMES LIVE EXECUTION DASHBOARD                            
=========================================================================================
💰 Live Bybit Balance: $12.08 USDT
=========================================================================================
SYMBOL     | REGIME (1D)  | ADX (1D)   | ACTIVE STRATEGY        | SIGNAL
-----------------------------------------------------------------------------------------
BTCUSDT    | RANGING ↔️   | 19.33      | Statistical Mean Reversion | HOLD  
   ┗━ Local Reason: Price trading safely within neutral distribution boundaries.
   🛡️ AI Gateway Status: [IDLE] (No API costs incurred while Local Signal is HOLD)

ETHUSDT    | TRENDING 📈   | 27.85      | Trend-Following Momentum | SELL  
   ┗━ Local Reason: Price broken below major 20 EMA threshold or momentum fully collapsed.
SOLUSDT    | RANGING ↔️   | 17.08      | Statistical Mean Reversion | HOLD  
   ┗━ Local Reason: Price trading safely within neutral distribution boundaries.
   🛡️ AI Gateway Status: [IDLE] (No API costs incurred while Local Signal is HOLD)

BNBUSDT    | TRENDING 📈   | 26.03      | Trend-Following Momentum | HOLD  
   ┗━ Local Reason: Trend criteria met but 4H volume below 1.5x 20-MA threshold. Awaiting volume confirmation.
   🛡️ AI Gateway Status: [IDLE] (No API costs incurred while Local Signal is HOLD)

XRPUSDT    | RANGING ↔️   | 14.73      | Statistical Mean Reversion | HOLD  
   ┗━ Local Reason: Price trading safely within neutral distribution boundaries.
   🛡️ AI Gateway Status: [IDLE] (No API costs incurred while Local Signal is HOLD)

ADAUSDT    | RANGING ↔️   | 16.75      | Statistical Mean Reversion | HOLD  
   ┗━ Local Reason: Price trading safely within neutral distribution boundaries.
   🛡️ AI Gateway Status: [IDLE] (No API costs incurred while Local Signal is HOLD)

SUIUSDT    | MIXED 🔄      | 20.48      | Regime Neutral Filter  | HOLD  
   ┗━ Local Reason: ADX signals a mixed, low-conviction environment. Standing aside to protect core capital.
   🛡️ AI Gateway Status: [IDLE] (No API costs incurred while Local Signal is HOLD)

AVAXUSDT   | RANGING ↔️   | 14.84      | Statistical Mean Reversion | HOLD  
   ┗━ Local Reason: Price trading safely within neutral distribution boundaries.
   🛡️ AI Gateway Status: [IDLE] (No API costs incurred while Local Signal is HOLD)

NEARUSDT   | TRENDING 📈   | 52.30      | Trend-Following Momentum | HOLD  
   ┗━ Local Reason: Trend criteria met but 4H volume below 1.5x 20-MA threshold. Awaiting volume confirmation.
   🛡️ AI Gateway Status: [IDLE] (No API costs incurred while Local Signal is HOLD)

APTUSDT    | MIXED 🔄      | 20.20      | Regime Neutral Filter  | HOLD  
   ┗━ Local Reason: ADX signals a mixed, low-conviction environment. Standing aside to protect core capital.
   🛡️ AI Gateway Status: [IDLE] (No API costs incurred while Local Signal is HOLD)

LINKUSDT   | RANGING ↔️   | 18.67      | Statistical Mean Reversion | HOLD  
   ┗━ Local Reason: Price trading safely within neutral distribution boundaries.
   🛡️ AI Gateway Status: [IDLE] (No API costs incurred while Local Signal is HOLD)

RENDERUSDT | MIXED 🔄      | 23.43      | Regime Neutral Filter  | HOLD  
   ┗━ Local Reason: ADX signals a mixed, low-conviction environment. Standing aside to protect core capital.
   🛡️ AI Gateway Status: [IDLE] (No API costs incurred while Local Signal is HOLD)

=========================================================================================
⚠️ Bybit Position query rejected or empty.
🚀 Hermes Production Engine Initializing...
┌─────────────────────────────────────────────────────────────────┐
│ 💰 Bybit USDT Balance: $12.08 USDT
└─────────────────────────────────────────────────────────────────┘
⚠️ Position guard query failed: bybit error [10001]: Missing some parameters that must be filled in, symbol or settleCoin
📊 Active positions in watchlist: 0/5
Analyzing Ingestion Pipeline for BTCUSDT...
Analyzing Ingestion Pipeline for ETHUSDT...
Analyzing Ingestion Pipeline for SOLUSDT...
Analyzing Ingestion Pipeline for BNBUSDT...
Analyzing Ingestion Pipeline for XRPUSDT...
Analyzing Ingestion Pipeline for ADAUSDT...
Analyzing Ingestion Pipeline for SUIUSDT...
Analyzing Ingestion Pipeline for AVAXUSDT...
Analyzing Ingestion Pipeline for NEARUSDT...
Analyzing Ingestion Pipeline for APTUSDT...
Analyzing Ingestion Pipeline for LINKUSDT...
Analyzing Ingestion Pipeline for RENDERUSDT...
Analyzing Ingestion Pipeline for FETUSDT...
⚠️ [FETUSDT] Empty data packet received from exchange — skipping asset.

=========================================================================================
                          HERMES LIVE EXECUTION DASHBOARD                            
=========================================================================================
💰 Live Bybit Balance: $12.08 USDT
=========================================================================================
SYMBOL     | REGIME (1D)  | ADX (1D)   | ACTIVE STRATEGY        | SIGNAL
-----------------------------------------------------------------------------------------
BTCUSDT    | RANGING ↔️   | 19.33      | Statistical Mean Reversion | HOLD  
   ┗━ Local Reason: Price trading safely within neutral distribution boundaries.
   🛡️ AI Gateway Status: [IDLE] (No API costs incurred while Local Signal is HOLD)

ETHUSDT    | TRENDING 📈   | 27.85      | Trend-Following Momentum | SELL  
   ┗━ Local Reason: Price broken below major 20 EMA threshold or momentum fully collapsed.
SOLUSDT    | RANGING ↔️   | 17.08      | Statistical Mean Reversion | HOLD  
   ┗━ Local Reason: Price trading safely within neutral distribution boundaries.
   🛡️ AI Gateway Status: [IDLE] (No API costs incurred while Local Signal is HOLD)

BNBUSDT    | TRENDING 📈   | 26.03      | Trend-Following Momentum | HOLD  
   ┗━ Local Reason: Trend criteria met but 4H volume below 1.5x 20-MA threshold. Awaiting volume confirmation.
   🛡️ AI Gateway Status: [IDLE] (No API costs incurred while Local Signal is HOLD)

XRPUSDT    | RANGING ↔️   | 14.73      | Statistical Mean Reversion | HOLD  
   ┗━ Local Reason: Price trading safely within neutral distribution boundaries.
   🛡️ AI Gateway Status: [IDLE] (No API costs incurred while Local Signal is HOLD)

ADAUSDT    | RANGING ↔️   | 16.75      | Statistical Mean Reversion | HOLD  
   ┗━ Local Reason: Price trading safely within neutral distribution boundaries.
   🛡️ AI Gateway Status: [IDLE] (No API costs incurred while Local Signal is HOLD)

SUIUSDT    | MIXED 🔄      | 20.48      | Regime Neutral Filter  | HOLD  
   ┗━ Local Reason: ADX signals a mixed, low-conviction environment. Standing aside to protect core capital.
   🛡️ AI Gateway Status: [IDLE] (No API costs incurred while Local Signal is HOLD)

AVAXUSDT   | RANGING ↔️   | 14.84      | Statistical Mean Reversion | HOLD  
   ┗━ Local Reason: Price trading safely within neutral distribution boundaries.
   🛡️ AI Gateway Status: [IDLE] (No API costs incurred while Local Signal is HOLD)

NEARUSDT   | TRENDING 📈   | 52.30      | Trend-Following Momentum | HOLD  
   ┗━ Local Reason: Trend criteria met but 4H volume below 1.5x 20-MA threshold. Awaiting volume confirmation.
   🛡️ AI Gateway Status: [IDLE] (No API costs incurred while Local Signal is HOLD)

APTUSDT    | MIXED 🔄      | 20.20      | Regime Neutral Filter  | HOLD  
   ┗━ Local Reason: ADX signals a mixed, low-conviction environment. Standing aside to protect core capital.
   🛡️ AI Gateway Status: [IDLE] (No API costs incurred while Local Signal is HOLD)

LINKUSDT   | RANGING ↔️   | 18.67      | Statistical Mean Reversion | HOLD  
   ┗━ Local Reason: Price trading safely within neutral distribution boundaries.
   🛡️ AI Gateway Status: [IDLE] (No API costs incurred while Local Signal is HOLD)

RENDERUSDT | MIXED 🔄      | 23.43      | Regime Neutral Filter  | HOLD  
   ┗━ Local Reason: ADX signals a mixed, low-conviction environment. Standing aside to protect core capital.
   🛡️ AI Gateway Status: [IDLE] (No API costs incurred while Local Signal is HOLD)

=========================================================================================
⚠️ Bybit Position query rejected or empty.
